relative_path,bytes,sha256
BOM.md,3658,d9e1732eb7573abdb2baa66a03c18e473040d726a5527442a9cd945d2aaf00a2
build.ps1,377,4bc05852f66ab9f545eaf02959fa1da5eaeceaf11113decf4a20b3d43a9f7ff8
calculations/LOAD_CALCULATIONS.md,736,19b2e98a2a4b4a58b02dee9cf52a8631e1f62463a5c16fd8074d7d3f5cd531bf
calculations/load_cases.csv,376,dd010e66f6dd84da366b76049cce9d2025d614aef69db2194fdc693e9c519863
CHANGELOG.md,1916,bcc19c88bdd43cbaff129c5104bdaec9ddc4b9c882e063d472878c79ef3a9fcb
coupons/COUPON_608_POCKETS_DEPTH_14.step,38504,2ef25117218e1c40a22e3358133e7f5ac46a8edea9a3999c3d4e72db80afd720
coupons/COUPON_608_POCKETS_DEPTH_14.stl,101484,fec1c8ddbab1f6f05db7726a3c13c188b5d764ec9d7d2c3ed05ba40da446898d
coupons/COUPON_608_POCKETS_DEPTH_7.step,38498,e000ebaf61ee2d65162fe863699c6b10c4999b313da958ac0751ea9140fb414d
coupons/COUPON_608_POCKETS_DEPTH_7.stl,101484,03c745782fe689825a7cbbdef4658112b868f30e656a21a747d0c5c5d9b8532f
coupons/COUPON_HALL_GAP_JIG.step,378519,a94181890c070c4d02519885ded996285e5967cec0edefcdfe9bd3d0761f793b
coupons/COUPON_HALL_GAP_JIG.stl,20084,5512066bad1f762f857f08abed054e81d96671dd79bf90ed8b86fe1f8a02b634
coupons/COUPON_LOADED_BEARING_WALL.step,27936,65f71faaeafe0e23739af8ad790b87e13eb4d048fb6ef100ab0b9edd98b45e1c
coupons/COUPON_LOADED_BEARING_WALL.stl,66284,39139e1081f35cd304ed171bd00f9997746f2e17cfb44fd47b8877f2abf22147
coupons/COUPON_M6_CLEARANCE.step,29878,45680ccfc8a694ab02ef6dfe54bc7fb9ccf4c65c2e649a1a971518e009ee860f
coupons/COUPON_M6_CLEARANCE.stl,68684,a45a1f484062f4d1742d5dd62db5c42a69b7841a0a3b455385c0e0b480f713bb
coupons/COUPON_M6_NUT_TRAPS.step,108917,ecc6408b1e8a4637ed5e099797b59372e2bdcd9e80c021f18e11b188761450cd
coupons/COUPON_M6_NUT_TRAPS.stl,5484,8bf992f34273020b3f0a4385d49f491d4425208a942c5c6a0fd9b34dd41a98a3
coupons/COUPON_M8_CLEARANCE.step,29878,5d048c55f6687ee2ed51a1700fe07fc91688a29b39b383cff69912bf31c2c5d3
coupons/COUPON_M8_CLEARANCE.stl,68684,acea6d9bc33709af6f669f5804a722c6365f3773a5b2833c268d81c286412223
coupons/COUPON_MAGNET_POCKETS.step,73579,70da99766bbff542e88f44f818e2c6c5fb1a2cebdfffeaafebf0eb02c07947f2
coupons/COUPON_MAGNET_POCKETS.stl,3884,b7efe489757b91e938b128f35b5b1812ac2b652687212b417774eb41abb63477
DESIGN_DECISIONS.md,4643,cfd7ef2426b081608e787c34f9746f1f8ca021d3f0f022fba939c3daeaa02312
drawings/P1-005_STEEL_LEVER_DIMENSIONS.svg,900,c8021b0c4fb0536be6dbe0ec01a059732baf3cd22fe273031645c6fe3bcebc30
drawings/P1-030-031_BACKING_STRIP_DIMENSIONS.svg,740,9736e8d2eb312011e58c911be8b2771481de373dc923e81378ba9d52a9c5db8c
dxf/P1-005_STEEL_LEVER_TEMPLATE.dxf,19036,7905f9497fda280788206945b94b3572f47e4d58d8df0402541b97d96b6f55e8
dxf/P1-030_LEFT_BACKING_STRIP.dxf,19174,531a1abb26cb8a7519c4a05e5e58f015b5733c46ea63d5a235eecf36324f7909
dxf/P1-031_RIGHT_BACKING_STRIP.dxf,19175,6064581c75208109800025610b792a7a0a101fef2ed1633d79a90e89aa784c35
P1_DESIGN_REPORT.md,15346,0a99a21795fc9a82725d51b056c02eca8b186ea549560b005f750ba60be5e255
README.md,7158,14db39638eaa96c7efc12c871d6e3b01e8a7e8287435eae073b29a4050938d3b
renders/01_ISOMETRIC_ASSEMBLY.png,107501,5e0f1521bdea011b6f0d9d1621d8d029c5a202bc0910b680235d4253502a3982
renders/02_LEFT_SIDE.png,72231,83dd1a7765d3178c14319c4f406375db84dc7cc927517777254e6cdc9bd12843
renders/03_RIGHT_SIDE.png,71654,d46f062e5b3185361d6340f7f5f465119d23a4c26fcfb2e31c07411d75e31489
renders/04_FRONT.png,42674,84f80efca9fb5950c75d1437eccd1628565f52f33496bf7ea5b8579d93c3a253
renders/05_REAR.png,43345,0461e7ec0db150697a5fe12da42dbfc04b250c0bafd2e7bafaf45da558953c54
renders/06_TOP.png,47757,0293c9287d130ed5c39a7f90b3bf03e200cd29b57ac800a27275b89e67ca4319
renders/07_BOTTOM.png,42792,0083cf5df5149a1047f10343ba14d67fb6fa0c01a17df72f675749c6e1110e14
renders/08_PIVOT_SECTION.png,169273,dd2e0ac4c5272314d7b28561254062c9ebcf8a3290188e0ccf3c378d206287b6
renders/09_EXPLODED_VIEW.png,117559,5224b97f6ede2873f0b1eba57bd5cf925128739df965a632ecbaa67fb30a1652
renders/10_DESK_CLAMP_INSTALLED.png,90875,1d452c028e5c0cb7822353b4279ae782350c61a5cd45aae6a4c2f71b75a87a28
renders/11_CLAMP_REMOVED.png,106774,95b19bc7cc8df2eafecf1dcdb2e35a4adf10a4317bcf9ab6aae67616bb86e0f9
renders/12_RIG_MOUNT_BOTTOM.png,81921,96548c7202acc390c93998cac3e6d63fc8084aa1723a056fb5e1db91cc4e44f4
renders/13_RELEASED.png,105169,dfa99d8c0720632c18622d9a365b110b0a508787533d4e4b2b15429389048548
renders/14_MID_TRAVEL.png,108233,4ad299c5239089c9d165dea8ee497f4d6cd1ac9f01654b19841a1e0f45fbc79f
renders/15_FULL_PULL.png,104474,3bae867cbe40d300341f54c996e67f95ee05b491595c8b18ed611731bfa36b5a
renders/16_CLAMP_10MM_DESK.png,110466,f7820fd593349bc0327e0df38e09a91d9df89b7cbc2c1a5d62ae6efc0881ac19
renders/17_CLAMP_25MM_DESK.png,111081,0f7d1335a212e2005775b19c5a147d42395893b4f72bbddb7cdb3f1ff499c350
renders/18_CLAMP_40MM_DESK.png,112005,c24dc8db93b4061b5a8da194015182d68914696c4d5d84b8bdefa5bce2fe852d
renders/19_CLAMP_55MM_DESK.png,112369,d99e4306ecf5731cfc0823878562829a5f6264f210c569197e3ad913a8d08792
reports/design_review_checklist.csv,2086,90f8253f7b2f26941ff661418f4fa6b10bcf60130d39c177ca57e7d3c981f723
reports/export_roundtrip.json,19022,5cc1b7097865c5f4809aea333a39a99733c43fc03b26ff73b247a4ab38a7f241
reports/EXPORT_ROUNDTRIP.md,169,8d8b04d4c41e1bc209305c9bf525159896bab77c9dfc9e752b1557b960fe94de
reports/geometry_validation.json,16390,cd39fa6c1cf328a85537123998e5a1dc23e9de84695982fd5276604d0461c415
reports/GEOMETRY_VALIDATION.md,2148,a7fdd196f2f7faef70346d7136c2194b627d28686bc7ead3a93f4130d4bbe82c
reports/parameters.csv,4881,a732345236961c82193f1717736113d100c40c26af8dccf1ac1d677c0218a6e7
reports/part_geometry.csv,1834,ed2ef441b8bd892ad6df3face3c92fe2751811c625ccf290e3327ccb3787770c
reports/print_material_estimate.csv,12799,86bd13a3d913ec8adfe15413a9a6f64d98720c50b316f2f8aa74a554f5e39bfa
reports/PRINT_MATERIAL_ESTIMATE.md,11626,77ed2f7f7f50e2e53069c3e42e56ddb44ba2288b512f32924157eea149d18fc9
reports/reference_source_integrity.json,130,bfe6e6fc0454eb5dd59ad686ed071870fb292f6dac7b412dd83f1ea10ee9db82
src/assembly.py,5201,ae8dde6d3881379cd1e223a5c73699487e31be81fd3ca3a84f82bb86cc638b40
src/base.py,1897,fdc5c5152a6f16469dfe9db16b5e090e6b97e2739d3eb2495d2bb6d4443fb910
src/build.py,19990,25c61fff4aec174b54888cdcd63121c2885b5a7720e22fd2192d99a7f8440781
src/clamp.py,3986,c8a9ef8b8762dd6a5708880945a12de7cb9dc1e34a4107191f0d89d85d7c1c57
src/common.py,3794,d8cf122b5bd7c6af21f8dda3bc02d73f75af198420a4cd282f007fb839cfca4c
src/coupons.py,2973,80d6a320459b124043efc24825da5d0167d47fabf277c5bdc1869064abe972ea
src/create_manifest.py,986,37b655ddefc4484f2a3c2bf8542f2cfb5176ef3cc4b0fed61214b5937a502fbc
src/electronics_box.py,1738,bff1eb23824e38d2b13bdf71601fed83a844201e96620fa16f9fedb0ea45bd4d
src/grip.py,686,c02e9573d92ac82b6a16f7365fd5985c9c8f8588e29cf28e942921534c8dd95a
src/hall_mount.py,3811,1ab3b1d5cc156a70533e9fa354d909834633011cda6f256c95641706edabc356
src/lever_hub.py,2263,446b30017d609bb1d30bb5b8a024f3d54b977cf1045c2b11ba9a4a2695299fbe
src/parameters.py,7847,4ee855136e6059a0782329ad9f63b3918e851e27b36e126d3aa6b5ec3c3d21f6
src/pivot_supports.py,2040,3b510da36689d3b94027680115e2e63923f3b29757f87ce6b0215ec095a13974
src/print_material_estimate.py,24291,feb61720d96b68fc5cd3a8266e25bc4bfb1f66ff19eaa35492e41d8705a23d44
src/rig_mount.py,437,842bc08e56c5ed1c7c46b231d953514a809125b28eaf87b9a2cf2c35486265a8
src/spring_system.py,1341,401ffaa21aff5ba2b195a96d6f58e40c066c39975517673e86fae389ba9cbbcf
src/stops.py,2315,31e9db316f2bbb05572d97c83a51334e0bef1aa62fefd9d1e3fc8737d4d30c7a
src/verify_outputs.py,4006,d08253c0c76d1709b07e2e3e0c5d60b4e9f35721636096edcb11abf46a2ee173
src/verify_source_integrity.py,1171,d2e54d2f42fa384410a15a3ebbd8c2e4482a8f50e9fceb14be161613124c6cf0
step/P1-001_BASE.step,177092,ce2bfd4a5a06adf775d549184a75b100bf46d91fac4b645548f98c8660ea50dd
step/P1-002_LEFT_PIVOT_SUPPORT.step,131988,ddbd15f1c6f0422830cd5396a70b5228667063b5d71179d044ca083b1238dedf
step/P1-003_RIGHT_PIVOT_SUPPORT.step,121951,e1a3e0d561923adc7e46b90e798d1b7dffe0a47cd1d251178c0a35e95a0bf1c5
step/P1-004_LEVER_ROOT_BEARING_HUB.step,96645,60bb40e0a970529686dc4b61e14e7fc5cbeb6bb08537f41c2df89ce0d24e105f
step/P1-005_STEEL_LEVER_TEMPLATE.step,26407,cf557220c94fb5bc64943384ef4ae6501486b9c7d1a6d9af126b0dac3e150903
step/P1-006_GRIP.step,50361,ef4ce92fe14177537d4fa8be3161e7895f37f4184fe16b59693f847279f0fa52
step/P1-007_SPRING_ANCHOR_MODULE.step,74543,6b2be40ea9113d1e1ee4e0c51cc2294712c5fe51257676128520a80408572720
step/P1-008_RELEASE_STOP.step,130129,dea37c9843fa988aa6d7e0bf9afa7e3ca8b1eb71548898fbfe793b3eef149069
step/P1-009_FULL_PULL_STOP.step,130113,9d202d019f40f5a6f28de9c12884852db897994c59d1e8794123d78ce4d3c1d2
step/P1-010_MAGNET_HOLDER.step,83776,ea17e478c09890e8bd1f3c2347d72a8a0995a433edc9143bd40aee87ffec9e54
step/P1-011A_HALL_FIXED_BRACKET.step,182834,71e96bb1b5665e4be4ee6ec12269e0b7b56281cc6a3622d4d55014d90f3315b4
step/P1-011B_HALL_SENSOR_SLED.step,74886,08ef12d4093cd2814eb229a8af0945107fb06e2620b1e40c9ca6c7bd4a05a985
step/P1-012_ELECTRONICS_ENCLOSURE.step,130872,e25dda59ca30510177e41b2e5aebdf7c4d681a0aa54dbb23e5bb70d9774898e0
step/P1-013_ELECTRONICS_COVER.step,59134,9b650fb3902867a71665ae29c844e9b84bafe574e843fdd8e7008ab4004b7a0d
step/P1-020_CLAMP_BASE_INTERFACE.step,147021,23e542d96f9428d048b683567db17310190714215ca6b666a786419384da1092
step/P1-021_CLAMP_VERTICAL_BRACKET.step,43666,5d774304ad46dd901c1561eecf530988304afb2e29eefb653891be0e5c46c6d3
step/P1-022_CLAMP_SCREW_GUIDE.step,63805,6aa20dac05bdb988b659b02fb3e3ba84b4565962d2f6ec42aaa7d639514b22f5
step/P1-023_CLAMP_KNOB.step,76664,2077cb73d91db2130ed56e81eb525d2fc5c009e1c969288e862c47fd1ed049e6
step/P1-024_SWIVEL_PAD_HOLDER.step,13186,22d1a84fd1991f1d559babe3fa074b4926cf8133d1497c322a80082b2ae3036d
step/P1-025_UPPER_RUBBER_PAD_HOLDER.step,46508,c1dc064754871138060f9b2e2c0af633aa3005064fdf6ab1d7c6df440c7aa290
step/P1-030_LEFT_BACKING_STRIP.step,29947,1e0c1c850a1140d3384effa909ec8c0a07000dc1c7ab78c23f7515bdd0b14b19
step/P1-031_RIGHT_BACKING_STRIP.step,29964,7fae475026dd1dd7613342ab4ebfec51afed831acafabe2c5d0a420ff2ab66fa
step/P1_ASSEMBLY.step,1773983,149fb26ada2ce896d79ab690eff39ca581b8cf56ebf75159bb27aa49c2cfeba0
step/P1_CLAMP_10MM_DESK.step,2244331,5c7ba55c5efddeb5c7df153ada24694fc88cadcc9dbd943566d7b67aee9d82c1
step/P1_CLAMP_25MM_DESK.step,2244331,1a47d3f9022c11e62fcab53eaabd65c0cf0f62d7dd12043b90fc69797a9c2279
step/P1_CLAMP_40MM_DESK.step,2244331,3bb81cbd7701e885b0d05e166256d118c9182b021d392c4ef5a0d3edcfd5da8c
step/P1_CLAMP_55MM_DESK.step,2244331,dfc41747fab79b8325335717781e6ba000784e70aaed5febdaed1da73a2694e4
step/P1_EXPLODED.step,1752286,4db9e04efd3fa9b42191424832bca0b13389fcc2bd1bcf90e9e64d6586ad99cf
step/P1_FULL_PULL.step,1774396,6125c7613c0e1e9ffd3f1e460bcbafaf55b22a36eefb666466caa02b0204aa4c
step/P1_MID_TRAVEL.step,1774246,147e0851001965a18b369973a31f3bbb8dcc180b55ea46c38e7dd420b15e624d
step/P1_PIPELINE_SMOKE_TEST.step,1651689,573043a2c53797a4bf6c1e46532d21a3ad159cf3f41a4d7f058a17b4ae4355ff
step/P1_RELEASED.step,1773992,52825f255058e495b9670a1863d1617d90625b493d9f1161f77da486929e0e80
step/P1_RIG_CONFIGURATION.step,1774044,dd375fb186a5d1f33a31711b41ae30dbd536afde725078cf58c20afd567f30d2
stl/P1-001_BASE.stl,294484,7d3f568f87418e701f87bb2133e61aa9956ca6baeaa2b58afc2e1612160d71bc
stl/P1-002_LEFT_PIVOT_SUPPORT.stl,159884,3ece810536d0b1a00b37a84ddcdd0278d14cd3753d148b4bccc6602e0fd0750a
stl/P1-003_RIGHT_PIVOT_SUPPORT.stl,121084,d33b2840a2cefd0b4a418b5e867b903083d8c624c9bc798de16634a69c65bce5
stl/P1-004_LEVER_ROOT_BEARING_HUB.stl,169784,fdd2fb970541168679b43921fe03a7c77aaa798b2d4cae33f63ee91b56e3afc3
stl/P1-006_GRIP.stl,57084,2f8eca25749fec4d07d078b8fde875b64c29011db662e368009af32c5f05a473
stl/P1-007_SPRING_ANCHOR_MODULE.stl,68084,cadcfc8e742066737f4309b49ce5dbb3fd6441a4c06b5b7be459606a04f1e37f
stl/P1-008_RELEASE_STOP.stl,102884,af583dba5b5272301dc3543f9261e296c888336032107249bbbd8e9a7accc58f
stl/P1-009_FULL_PULL_STOP.stl,102884,29eb4b6f816d3745f068a8714673eabbfcf7129c582d424dfeb44e9340bdfd08
stl/P1-010_MAGNET_HOLDER.stl,58484,4ef32b2925b7f8e67ff1258b3a879526dd4fc01d3a88a4708130dd9d295696dc
stl/P1-011A_HALL_FIXED_BRACKET.stl,88784,2a24a56ae5b428954ad75278e96f6084764ceea2bf5d929a86d09302d3874a98
stl/P1-011B_HALL_SENSOR_SLED.stl,87084,faaf35854f912099b6aab75200709689203c462580d826ea27928bb35cb53ea7
stl/P1-012_ELECTRONICS_ENCLOSURE.stl,114684,ed7c4f9fb4d958f83470d6feea1055f90ead839dda68e5096f0073fc7a1f9c42
stl/P1-013_ELECTRONICS_COVER.stl,69884,6881f13fea1b21b6084ececef6404475b6fb8f2251bf553d2b661a67b314ded7
stl/P1-020_CLAMP_BASE_INTERFACE.stl,142484,704b0e0a19f7306e9b999f16eaeb565e3f8a5c68c4a7c39dbd7067b526a7b62f
stl/P1-021_CLAMP_VERTICAL_BRACKET.stl,35884,5be288ad2acd772f35f3997dbcd6a93793d1c1c5dd789d55d2703b6d49ed6200
stl/P1-022_CLAMP_SCREW_GUIDE.stl,86084,18c958e08b6a9e34076abe3b63c6ca0cfef117c2a75bb30bde06b5b187fcddc3
stl/P1-023_CLAMP_KNOB.stl,84084,293e2df5490c225dcfac7b6f6c2054998baaefb52b8573d215b693dd5aca3c75
stl/P1-024_SWIVEL_PAD_HOLDER.stl,50484,77d08ccccb9306104827d49ed7af3da0a2cccd4248705aa5bc9385f25c9a2214
stl/P1-025_UPPER_RUBBER_PAD_HOLDER.stl,135084,ceb9043c667ff0081b4425448c7b5724120bfc864e797eac71b6a9552a602a2a
TEST_PLAN.md,4661,57446590f6d965fcd56e4c07974c53d50a27c944a0848605d8e5faf7176e9f0d
