name,valid,solids,volume_mm3,xlen,ylen,zlen
P1-001_BASE,True,1,114027.852,180.0,84.0,10.006
P1-030_LEFT_BACKING_STRIP,True,1,13089.457,180.0,25.0,3.0
P1-031_RIGHT_BACKING_STRIP,True,1,13089.457,180.0,25.0,3.0
P1-002_LEFT_PIVOT_SUPPORT,True,1,65580.433,56.0,18.037,93.019
P1-003_RIGHT_PIVOT_SUPPORT,True,1,68877.154,56.0,18.038,93.002
P1-004_LEVER_ROOT_BEARING_HUB,True,1,103164.143,124.0,28.047,64.02
P1-005_STEEL_LEVER_TEMPLATE,True,1,34578.359,280.0,5.0,25.0
P1-006_GRIP,True,1,83651.351,110.036,34.036,34.036
P1-007_SPRING_ANCHOR_MODULE,True,1,10481.152,40.0,24.0,22.002
P1-008_RELEASE_STOP,True,1,1498.18,18.699,8.003,22.942
P1-009_FULL_PULL_STOP,True,1,1498.18,23.58,8.003,24.32
P1-010_MAGNET_HOLDER,True,1,2876.588,22.407,12.002,43.033
P1-011A_HALL_FIXED_BRACKET,True,1,3535.611,31.0,15.003,35.001
P1-011B_HALL_SENSOR_SLED,True,1,1181.548,14.0,8.602,22.001
P1-012_ELECTRONICS_ENCLOSURE,True,1,14210.403,50.002,38.0,28.003
P1-013_ELECTRONICS_COVER,True,1,8359.736,50.0,38.0,5.003
P1-020_CLAMP_BASE_INTERFACE,True,1,35223.35,64.006,72.0,8.012
P1-021_CLAMP_VERTICAL_BRACKET,True,1,78803.761,34.002,64.0,114.0
P1-022_CLAMP_SCREW_GUIDE,True,1,44697.413,76.013,32.022,38.015
P1-023_CLAMP_KNOB,True,1,27189.871,52.011,47.188,18.011
P1-024_SWIVEL_PAD_HOLDER,True,1,11602.75,46.032,46.032,8.032
P1-025_UPPER_RUBBER_PAD_HOLDER,True,1,16504.381,90.0,62.0,3.002
COUPON_608_POCKETS_DEPTH_7,True,1,39939.035,150.0,34.0,11.008
COUPON_608_POCKETS_DEPTH_14,True,1,59478.07,150.0,34.0,18.008
COUPON_M8_CLEARANCE,True,1,12091.349,72.0,24.0,8.006
COUPON_M6_CLEARANCE,True,1,12825.225,72.0,24.0,8.005
COUPON_M6_NUT_TRAPS,True,1,14801.601,80.0,26.0,8.0
COUPON_MAGNET_POCKETS,True,1,10152.58,70.0,22.0,7.0
COUPON_HALL_GAP_JIG,True,1,19400.0,104.0,35.0,18.0
COUPON_LOADED_BEARING_WALL,True,1,42074.028,79.0,20.033,48.003
