record_type,category_code,category,part_id,filename,source_path,quantity,bbox_x_mm,bbox_y_mm,bbox_z_mm,mesh_volume_mm3,mesh_volume_cm3,solid_mass_g_100pct,mesh_watertight,connected_components,build_vertical_axis,recommended_print_orientation,likely_support_requirement,estimated_shell_volume_mm3,estimated_shell_fraction,uncapped_directional_shell_mm3,estimated_g_40pct,estimated_g_50pct,estimated_g_60pct,estimate_method,support_brim_purge_mass_included,print_time,stl_sha256,matches_preexisting_manifest
part,A,Calibration coupons,CAL-608-07,COUPON_608_POCKETS_DEPTH_7.stl,coupons/COUPON_608_POCKETS_DEPTH_7.stl,1,150.0,34.0,11.0,39954.101,39.954,50.742,True,1,Z,Flat base on bed; 7 mm pockets upward,No support expected; not slicer-verified,31052.908,0.777215,31052.908,43.959,45.089,46.22,directional shell/infill engineering estimate; not slicer output,False,UNKNOWN,03c745782fe689825a7cbbdef4658112b868f30e656a21a747d0c5c5d9b8532f,True
part,A,Calibration coupons,CAL-608-14,COUPON_608_POCKETS_DEPTH_14.stl,coupons/COUPON_608_POCKETS_DEPTH_14.stl,1,150.0,34.0,18.0,59508.201,59.508,75.575,True,1,Z,Flat base on bed; 14 mm pockets upward,No support expected; not slicer-verified,45891.416,0.771178,45891.416,65.199,66.929,68.658,directional shell/infill engineering estimate; not slicer output,False,UNKNOWN,fec1c8ddbab1f6f05db7726a3c13c188b5d764ec9d7d2c3ed05ba40da446898d,True
part,A,Calibration coupons,CAL-M8,COUPON_M8_CLEARANCE.stl,coupons/COUPON_M8_CLEARANCE.stl,1,72.0,24.0,8.0,12092.964,12.093,15.358,True,1,Z,Flat base on bed; test bores vertical,No support expected; not slicer-verified,10027.463,0.829198,10027.463,13.784,14.046,14.309,directional shell/infill engineering estimate; not slicer output,False,UNKNOWN,acea6d9bc33709af6f669f5804a722c6365f3773a5b2833c268d81c286412223,True
part,A,Calibration coupons,CAL-M6,COUPON_M6_CLEARANCE.stl,coupons/COUPON_M6_CLEARANCE.stl,1,72.0,24.0,8.0,12826.156,12.826,16.289,True,1,Z,Flat base on bed; test bores vertical,No support expected; not slicer-verified,9704.68,0.756632,9704.68,13.911,14.307,14.704,directional shell/infill engineering estimate; not slicer output,False,UNKNOWN,a45a1f484062f4d1742d5dd62db5c42a69b7841a0a3b455385c0e0b480f713bb,True
part,A,Calibration coupons,CAL-M6-NUT,COUPON_M6_NUT_TRAPS.stl,coupons/COUPON_M6_NUT_TRAPS.stl,1,80.0,26.0,8.0,14801.601,14.802,18.798,True,1,Z,Largest flat face on bed; nut traps upward,No support expected; not slicer-verified,11497.933,0.776803,11497.933,16.281,16.7,17.12,directional shell/infill engineering estimate; not slicer output,False,UNKNOWN,8bf992f34273020b3f0a4385d49f491d4425208a942c5c6a0fd9b34dd41a98a3,True
part,A,Calibration coupons,CAL-MAG,COUPON_MAGNET_POCKETS.stl,coupons/COUPON_MAGNET_POCKETS.stl,1,70.0,22.0,7.0,10152.58,10.153,12.894,True,1,Z,Largest flat face on bed; pockets upward,No support expected; not slicer-verified,8165.04,0.804233,8165.04,11.379,11.632,11.884,directional shell/infill engineering estimate; not slicer output,False,UNKNOWN,b7efe489757b91e938b128f35b5b1812ac2b652687212b417774eb41abb63477,True
part,A,Calibration coupons,CAL-HALL,COUPON_HALL_GAP_JIG.stl,coupons/COUPON_HALL_GAP_JIG.stl,1,104.0,35.0,18.0,19400.0,19.4,24.638,True,1,Z,Largest flat face on bed,No support expected; not slicer-verified,19400.0,1.0,31440.0,24.638,24.638,24.638,directional shell/infill engineering estimate; not slicer output,False,UNKNOWN,5512066bad1f762f857f08abed054e81d96671dd79bf90ed8b86fe1f8a02b634,True
part,A,Calibration coupons,CAL-BEAR-WALL,COUPON_LOADED_BEARING_WALL.stl,coupons/COUPON_LOADED_BEARING_WALL.stl,1,78.983,20.0,47.97,42047.906,42.048,53.401,True,1,Y,Broad side face on bed; bearing axis horizontal,No support expected; not slicer-verified,20343.364,0.483814,20343.364,36.862,39.618,42.375,directional shell/infill engineering estimate; not slicer output,False,UNKNOWN,39139e1081f35cd304ed171bd00f9997746f2e17cfb44fd47b8877f2abf22147,True
part,B,Mechanical core,P1-001,P1-001_BASE.stl,stl/P1-001_BASE.stl,1,180.0,84.0,10.0,114031.309,114.031,144.82,True,1,Z,Primary flat face on bed; steel recesses upward,No support expected; not slicer-verified,64345.073,0.564275,64345.073,106.959,113.269,119.579,directional shell/infill engineering estimate; not slicer output,False,UNKNOWN,7d3f568f87418e701f87bb2133e61aa9956ca6baeaa2b58afc2e1612160d71bc,True
part,B,Mechanical core,P1-002,P1-002_LEFT_PIVOT_SUPPORT.stl,stl/P1-002_LEFT_PIVOT_SUPPORT.stl,1,56.0,18.0,92.999,65555.142,65.555,83.255,True,1,Y,Outer Y face on bed,No support expected; ream holes after printing,30230.051,0.461139,30230.051,56.337,60.824,65.31,directional shell/infill engineering estimate; not slicer output,False,UNKNOWN,3ece810536d0b1a00b37a84ddcdd0278d14cd3753d148b4bccc6602e0fd0750a,True
part,B,Mechanical core,P1-003,P1-003_RIGHT_PIVOT_SUPPORT.stl,stl/P1-003_RIGHT_PIVOT_SUPPORT.stl,1,56.0,18.0,92.981,68847.508,68.848,87.436,True,1,Y,Outer Y face on bed,No support expected; not slicer-verified,27026.133,0.392551,27026.133,55.568,60.88,66.191,directional shell/infill engineering estimate; not slicer output,False,UNKNOWN,d33b2840a2cefd0b4a418b5e867b903083d8c624c9bc798de16634a69c65bce5,True
part,B,Mechanical core,P1-004,P1-004_LEVER_ROOT_BEARING_HUB.stl,stl/P1-004_LEVER_ROOT_BEARING_HUB.stl,1,124.0,28.0,63.996,103151.183,103.151,131.002,True,1,Y,One bearing face on bed,Conditional local support in accessible lever slot if bridging is poor,48878.653,0.473855,48878.653,89.646,96.539,103.432,directional shell/infill engineering estimate; not slicer output,False,UNKNOWN,fdd2fb970541168679b43921fe03a7c77aaa798b2d4cae33f63ee91b56e3afc3,True
part,B,Mechanical core,P1-006,P1-006_GRIP.stl,stl/P1-006_GRIP.stl,1,110.0,34.0,34.0,83561.104,83.561,106.123,True,1,X,Upright on end with brim,No support expected; brim material is excluded,52901.655,0.633089,52901.655,82.76,86.654,90.548,directional shell/infill engineering estimate; not slicer output,False,UNKNOWN,2f8eca25749fec4d07d078b8fde875b64c29011db662e368009af32c5f05a473,True
part,B,Mechanical core,P1-007,P1-007_SPRING_ANCHOR_MODULE.stl,stl/P1-007_SPRING_ANCHOR_MODULE.stl,1,40.0,24.0,22.0,10482.794,10.483,13.313,True,1,Z,Foot on bed,No support expected; not slicer-verified,10482.794,1.0,10504.95,13.313,13.313,13.313,directional shell/infill engineering estimate; not slicer output,False,UNKNOWN,cadcfc8e742066737f4309b49ce5dbb3fd6441a4c06b5b7be459606a04f1e37f,True
part,B,Mechanical core,P1-008,P1-008_RELEASE_STOP.stl,stl/P1-008_RELEASE_STOP.stl,1,18.699,8.0,22.942,1498.633,1.499,1.903,True,1,Y,Outer Y face on bed,No support expected; not slicer-verified,1498.633,1.0,2949.596,1.903,1.903,1.903,directional shell/infill engineering estimate; not slicer output,False,UNKNOWN,af583dba5b5272301dc3543f9261e296c888336032107249bbbd8e9a7accc58f,True
part,B,Mechanical core,P1-009,P1-009_FULL_PULL_STOP.stl,stl/P1-009_FULL_PULL_STOP.stl,1,23.58,8.0,24.32,1498.633,1.499,1.903,True,1,Y,Outer Y face on bed,No support expected; not slicer-verified,1498.633,1.0,2949.595,1.903,1.903,1.903,directional shell/infill engineering estimate; not slicer output,False,UNKNOWN,29eb4b6f816d3745f068a8714673eabbfcf7129c582d424dfeb44e9340bdfd08,True
part,C,Sensor/electronics printed parts,P1-010,P1-010_MAGNET_HOLDER.stl,stl/P1-010_MAGNET_HOLDER.stl,1,22.406,12.0,43.033,2876.681,2.877,3.653,True,1,Y,Inner arm face on bed,Conditional small local support at magnet cup,2876.681,1.0,3913.607,3.653,3.653,3.653,directional shell/infill engineering estimate; not slicer output,False,UNKNOWN,4ef32b2925b7f8e67ff1258b3a879526dd4fc01d3a88a4708130dd9d295696dc,True
part,C,Sensor/electronics printed parts,P1-011A,P1-011A_HALL_FIXED_BRACKET.stl,stl/P1-011A_HALL_FIXED_BRACKET.stl,1,31.0,15.0,35.0,3535.801,3.536,4.49,True,1,Z,Largest flat face on bed,Conditional; inspect rail bridges in slicer,3535.801,1.0,7214.319,4.49,4.49,4.49,directional shell/infill engineering estimate; not slicer output,False,UNKNOWN,2a24a56ae5b428954ad75278e96f6084764ceea2bf5d929a86d09302d3874a98,True
part,C,Sensor/electronics printed parts,P1-011B,P1-011B_HALL_SENSOR_SLED.stl,stl/P1-011B_HALL_SENSOR_SLED.stl,1,14.0,8.6,22.0,1181.746,1.182,1.501,True,1,Z,Largest flat face on bed,Conditional; inspect rail bridges in slicer,1181.746,1.0,3015.081,1.501,1.501,1.501,directional shell/infill engineering estimate; not slicer output,False,UNKNOWN,faaf35854f912099b6aab75200709689203c462580d826ea27928bb35cb53ea7,True
part,C,Sensor/electronics printed parts,P1-012,P1-012_ELECTRONICS_ENCLOSURE.stl,stl/P1-012_ELECTRONICS_ENCLOSURE.stl,1,50.0,38.0,28.0,14210.672,14.211,18.048,True,1,Z,Enclosure bottom on bed,No support expected; not slicer-verified,14210.672,1.0,28343.837,18.048,18.048,18.048,directional shell/infill engineering estimate; not slicer output,False,UNKNOWN,ed7c4f9fb4d958f83470d6feea1055f90ead839dda68e5096f0073fc7a1f9c42,True
part,C,Sensor/electronics printed parts,P1-013,P1-013_ELECTRONICS_COVER.stl,stl/P1-013_ELECTRONICS_COVER.stl,1,50.0,38.0,5.0,8359.922,8.36,10.617,True,1,Z,Outer top face on bed,No support expected; not slicer-verified,7118.293,0.851478,7118.293,9.671,9.829,9.986,directional shell/infill engineering estimate; not slicer output,False,UNKNOWN,6881f13fea1b21b6084ececef6404475b6fb8f2251bf553d2b661a67b314ded7,True
part,D,Desk-clamp printed parts,P1-020,P1-020_CLAMP_BASE_INTERFACE.stl,stl/P1-020_CLAMP_BASE_INTERFACE.stl,1,64.0,72.0,8.0,35224.582,35.225,44.735,True,1,Z,Large face on bed,No support expected; not slicer-verified,18873.708,0.535811,18873.708,32.276,34.352,36.429,directional shell/infill engineering estimate; not slicer output,False,UNKNOWN,704b0e0a19f7306e9b999f16eaeb565e3f8a5c68c4a7c39dbd7067b526a7b62f,True
part,D,Desk-clamp printed parts,P1-021,P1-021_CLAMP_VERTICAL_BRACKET.stl,stl/P1-021_CLAMP_VERTICAL_BRACKET.stl,1,34.0,64.0,114.0,78804.399,78.804,100.082,True,1,X,Large X face on bed; ribs upward,No support expected; not slicer-verified,34557.738,0.438526,34557.738,66.366,71.985,77.604,directional shell/infill engineering estimate; not slicer output,False,UNKNOWN,5be288ad2acd772f35f3997dbcd6a93793d1c1c5dd789d55d2703b6d49ed6200,True
part,D,Desk-clamp printed parts,P1-022,P1-022_CLAMP_SCREW_GUIDE.stl,stl/P1-022_CLAMP_SCREW_GUIDE.stl,1,76.0,32.0,38.0,44680.365,44.68,56.744,True,1,Z,Lower arm face on bed; hex pocket vertical,No support expected; not slicer-verified,26652.541,0.596516,26652.541,43.007,45.296,47.586,directional shell/infill engineering estimate; not slicer output,False,UNKNOWN,18c958e08b6a9e34076abe3b63c6ca0cfef117c2a75bb30bde06b5b187fcddc3,True
part,D,Desk-clamp printed parts,P1-023,P1-023_CLAMP_KNOB.stl,stl/P1-023_CLAMP_KNOB.stl,1,52.0,47.177,18.0,27178.024,27.178,34.516,True,1,Z,Flat face on bed,No support expected; not slicer-verified,15507.453,0.570588,15507.453,25.623,27.105,28.587,directional shell/infill engineering estimate; not slicer output,False,UNKNOWN,293e2df5490c225dcfac7b6f6c2054998baaefb52b8573d215b693dd5aca3c75,True
part,D,Desk-clamp printed parts,P1-024,P1-024_SWIVEL_PAD_HOLDER.stl,stl/P1-024_SWIVEL_PAD_HOLDER.stl,1,46.0,46.0,8.0,11591.934,11.592,14.722,True,1,Z,Flat face on bed,No support expected; not slicer-verified,7966.344,0.687232,7966.344,11.959,12.42,12.88,directional shell/infill engineering estimate; not slicer output,False,UNKNOWN,77d08ccccb9306104827d49ed7af3da0a2cccd4248705aa5bc9385f25c9a2214,True
part,D,Desk-clamp printed parts,P1-025,P1-025_UPPER_RUBBER_PAD_HOLDER.stl,stl/P1-025_UPPER_RUBBER_PAD_HOLDER.stl,1,90.0,62.0,3.0,16504.6,16.505,20.961,True,1,Z,Large face on bed,No support expected; not slicer-verified,16363.219,0.991434,16363.219,20.853,20.871,20.889,directional shell/infill engineering estimate; not slicer output,False,UNKNOWN,ceb9043c667ff0081b4425448c7b5724120bfc864e797eac71b6a9552a602a2a,True
summary,,Calibration coupons,TOTAL,,,8,,,,210783.509,210.784,267.695,True,,,,,156082.804,,168122.804,226.013,232.959,239.908,sum of part estimates,False,UNKNOWN,,True
summary,,Mechanical core,TOTAL,,,8,,,,448626.306,448.627,569.755,True,,,,,236861.625,,239785.706,408.389,435.285,462.179,sum of part estimates,False,UNKNOWN,,True
summary,,Sensor/electronics printed parts,TOTAL,,,5,,,,30164.822,30.166,38.309,True,,,,,28923.193,,49605.137,37.363,37.521,37.678,sum of part estimates,False,UNKNOWN,,True
summary,,Desk-clamp printed parts,TOTAL,,,6,,,,213983.904,213.984,271.76,True,,,,,119921.003,,119921.003,200.084,212.029,223.975,sum of part estimates,False,UNKNOWN,,True
summary,,All final P1 printed components (B+C+D),TOTAL,,,19,,,,692775.032,692.777,879.824,True,,,,,385705.821,,409311.846,645.836,684.835,723.832,sum of part estimates,False,UNKNOWN,,True
summary,,Complete print set including coupons (A+B+C+D),TOTAL,,,27,,,,903558.541,903.561,1147.519,True,,,,,541788.625,,577434.65,871.849,917.794,963.74,sum of part estimates,False,UNKNOWN,,True
