model,candidate,quantity,evidence_status,evidence,source_path,audit_comment
Chinese generic,M8 fastener family,multiple / occurrence count unknown,VERIFIED filenames; geometry UNKNOWN,"8 mm bolts, nuts, washers named in files",chinese-generic-sim-handbrake-model-1.snapshot.1,Do not order from filename evidence alone; assembly quantities and fit are unavailable.
Chinese generic,M5 and M3 fasteners,multiple / occurrence count unknown,VERIFIED filenames; geometry UNKNOWN,M5/M3 hardware part definitions,chinese-generic-sim-handbrake-model-1.snapshot.1,Quantities unknown.
Fanatec reference,7/8/12 mm concentric pivot/boss features,candidate only,VERIFIED geometry,STEP cylindrical faces,fanatec-handbrake-1.snapshot.1/FANATEC Handbrake down.step,No BOM; do not equate these automatically to a specific bearing or bolt.
DIY v1.2,"F696ZZ flanged bearing (6 x 15 x 5 mm, 17 mm flange OD)",4,VERIFIED,BOM name/quantity and STEP named occurrences,handbrake-for-sim-racing-diy-1.snapshot.48,Strong reference for compact paired pivots; less common than 608.
DIY v1.2,M6 DIN 912 socket-head screws,14 across 12/16/35/40/55 mm lengths,VERIFIED BOM image,rows 1-5,handbrake-for-sim-racing-diy-1.snapshot.48/Cutting; flexion; electronics and information/fasteners and accessories.png,STEP occurrence names corroborate several lengths.
DIY v1.2,M8 socket/hex screws,2 documented plus M8x170 modeled shaft,CONFLICT,BOM says M8x45 and M8x55; STEP names M8x40 and M8X170,handbrake-for-sim-racing-diy-1.snapshot.48,Physically verify before ordering.
DIY v1.2,DIN 985 M6 nyloc nuts,11,VERIFIED documentation,hardware-list image,handbrake-for-sim-racing-diy-1.snapshot.48/Cutting; flexion; electronics and information/fasteners and accessories.png,
DIY v1.2,PHS8 rod end,1,VERIFIED,BOM and STEP named occurrence,handbrake-for-sim-racing-diy-1.snapshot.48,Adds cost and complexity; not recommended for P1.
DIY v1.2,compression spring 20 x 51 light,1,VERIFIED documentation,hardware-list image,handbrake-for-sim-racing-diy-1.snapshot.48/Cutting; flexion; electronics and information/fasteners and accessories.png,Spring rate/preload are not documented.
DIY v1.2,magnet 5 x 4 x 2 mm,1,VERIFIED documentation,hardware-list image; STEP volume corroboration,handbrake-for-sim-racing-diy-1.snapshot.48,Works with AS5600 arrangement; magnet grade/polarization is undocumented.
DIY v1.2,AS5600-ASOT sensor PCB,1,VERIFIED documentation,PCB BOM,handbrake-for-sim-racing-diy-1.snapshot.48/Cutting; flexion; electronics and information/electronics/AS5600_analog_pcb/BOM_PCB_AS5600_pcb.csv,PCB BOM says C2=10uF while pick-and-place comment says C2=1uF; resolve before fabrication.
Hydraulic,8 x 27 mm pivot pin,1,VERIFIED geometry,named Shtift occurrence,hydraulic-handbrake-1.snapshot.2/Handbrake.stp,Appears custom; a standard M8 shoulder/part-thread bolt is preferable for P1.
Hydraulic,custom flanged bushings,2,VERIFIED geometry,two Durjach occurrences,hydraulic-handbrake-1.snapshot.2/Handbrake.stp,"8 mm bore, 16 mm neck, 32 mm flange; not a cheap off-the-shelf choice unless a matching bushing is sourced."
Hydraulic,hydraulic cylinder/piston/link,1 set,VERIFIED geometry,"PompaTqlo, Butalo, ArmButalo occurrences",hydraulic-handbrake-1.snapshot.2/Handbrake.stp,Major cost and fabrication driver; reject for P1.
MOZA low-poly,hardware,UNKNOWN,UNKNOWN,No recoverable component structure,moza-hbp-handbrake-low-poly-1.snapshot.1,Do not infer BOM from exterior low-poly body.
