project,relative_path,filename,extension,category,bytes,sha256
chinese-generic-sim-handbrake-model-1.snapshot.1,chinese-generic-sim-handbrake-model-1.snapshot.1/3m 10mm CSK allen head.SLDPRT,3m 10mm CSK allen head.SLDPRT,.sldprt,CAD,162816,2c2dc8944e43c72fd42edeac7a0239a5a90245597975b5bdb142165f9db5bfd7
chinese-generic-sim-handbrake-model-1.snapshot.1,chinese-generic-sim-handbrake-model-1.snapshot.1/3mm plain nut with washer.SLDPRT,3mm plain nut with washer.SLDPRT,.sldprt,CAD,247808,d5afd456070e4abf38f551e8fe3dcf00a9a76c31253a4a9bbcd9a568ab1d1d26
chinese-generic-sim-handbrake-model-1.snapshot.1,chinese-generic-sim-handbrake-model-1.snapshot.1/3mm plain nut.SLDPRT,3mm plain nut.SLDPRT,.sldprt,CAD,170496,cb9a6cc6809ab7a5400031eeeb23d2414812af5dcc769e6df813bd56d0109bc1
chinese-generic-sim-handbrake-model-1.snapshot.1,chinese-generic-sim-handbrake-model-1.snapshot.1/5mm 13mm Cap Head Bolt.SLDPRT,5mm 13mm Cap Head Bolt.SLDPRT,.sldprt,CAD,193024,ec5f8a3c778cecbc66d1377762b884eedc206e35b66a862a1559e06648a23836
chinese-generic-sim-handbrake-model-1.snapshot.1,chinese-generic-sim-handbrake-model-1.snapshot.1/5mm plain nut.SLDPRT,5mm plain nut.SLDPRT,.sldprt,CAD,173056,fa07544f51037a067b8ca3476f8dfe0eae8cd0415ef1adcb6d14f93635dc2b02
chinese-generic-sim-handbrake-model-1.snapshot.1,chinese-generic-sim-handbrake-model-1.snapshot.1/5mm x 10mm button head bolt.SLDPRT,5mm x 10mm button head bolt.SLDPRT,.sldprt,CAD,206848,037ce9e2e558fba0335b7d6d17a909aaecd29d9a05f902dedc25021117763cb5
chinese-generic-sim-handbrake-model-1.snapshot.1,chinese-generic-sim-handbrake-model-1.snapshot.1/8 lock nut.SLDPRT,8 lock nut.SLDPRT,.sldprt,CAD,233472,8dcf7658fa50a866a4a27f2a6af9f256fdadeef0a461c4577e30fb7d6faead62
chinese-generic-sim-handbrake-model-1.snapshot.1,chinese-generic-sim-handbrake-model-1.snapshot.1/8 plain nut.SLDPRT,8 plain nut.SLDPRT,.sldprt,CAD,194048,e994bc31587c85cfa65896d202907fc40ee78559f3b7139aa0ae7c159c437811
chinese-generic-sim-handbrake-model-1.snapshot.1,chinese-generic-sim-handbrake-model-1.snapshot.1/8m nut with washer.SLDPRT,8m nut with washer.SLDPRT,.sldprt,CAD,431104,4a091604d31fd0edf9a36307516b03e53802034aba3a4cf233f9292ef921c446
chinese-generic-sim-handbrake-model-1.snapshot.1,chinese-generic-sim-handbrake-model-1.snapshot.1/8m x 24mm hex head bolt.SLDPRT,8m x 24mm hex head bolt.SLDPRT,.sldprt,CAD,188416,a7ebe4a0822c058b76737af2d027e68903a530d650e9d0af7aa02fc2dfa31000
chinese-generic-sim-handbrake-model-1.snapshot.1,chinese-generic-sim-handbrake-model-1.snapshot.1/8mm x 16mm 1mm washer.SLDPRT,8mm x 16mm 1mm washer.SLDPRT,.sldprt,CAD,127488,bd15f97921205033ab4c233dbfc5ce57efd9e74e29ad50ebb8c64e581eb4e2c7
chinese-generic-sim-handbrake-model-1.snapshot.1,chinese-generic-sim-handbrake-model-1.snapshot.1/8mm x 20mm Cap Head Bolt.SLDPRT,8mm x 20mm Cap Head Bolt.SLDPRT,.sldprt,CAD,200704,f3576ff4fa972f8bc0c435839d0e55709c2da334e40e20c41c15a071a4624768
chinese-generic-sim-handbrake-model-1.snapshot.1,chinese-generic-sim-handbrake-model-1.snapshot.1/8mm x 65 Cap Head Bolt.SLDPRT,8mm x 65 Cap Head Bolt.SLDPRT,.sldprt,CAD,188416,1fecabbdf67fc04b44dc317dbfa9f772aa0d1b776d0dc477f63daddd73ca40f6
chinese-generic-sim-handbrake-model-1.snapshot.1,chinese-generic-sim-handbrake-model-1.snapshot.1/8mm x 65 Hex Head Bolt.SLDPRT,8mm x 65 Hex Head Bolt.SLDPRT,.sldprt,CAD,178688,07214fd14fd2bfacc78422334f0e443a4cf5991289e672cfbd118343520a4122
chinese-generic-sim-handbrake-model-1.snapshot.1,chinese-generic-sim-handbrake-model-1.snapshot.1/8mmx 20mm washer.SLDPRT,8mmx 20mm washer.SLDPRT,.sldprt,CAD,182272,23543638b58b3955c344e42f86fdf90caefacc30ef7596ba8c39e1bc2183c516
chinese-generic-sim-handbrake-model-1.snapshot.1,chinese-generic-sim-handbrake-model-1.snapshot.1/Chinese handbrake assembly.SLDASM,Chinese handbrake assembly.SLDASM,.sldasm,CAD,1645056,c0974d662ff701ff1464e8fd5a8c3643d77eb5cfea21885b542d487a773074ca
chinese-generic-sim-handbrake-model-1.snapshot.1,chinese-generic-sim-handbrake-model-1.snapshot.1/Chinese Handbrake bottom plate.SLDPRT,Chinese Handbrake bottom plate.SLDPRT,.sldprt,CAD,363008,d048171d4857248b8d59fa0e6d005e81866b23b711a82c6ca0ed9c33e1c94b35
chinese-generic-sim-handbrake-model-1.snapshot.1,chinese-generic-sim-handbrake-model-1.snapshot.1/Chinese Handbrake bus.SLDPRT,Chinese Handbrake bus.SLDPRT,.sldprt,CAD,164352,a67666ee0a6c72b83e47b61d3e03748692916b05c8ce5029de418f994b3e7e10
chinese-generic-sim-handbrake-model-1.snapshot.1,chinese-generic-sim-handbrake-model-1.snapshot.1/Chinese Handbrake bush.SLDPRT,Chinese Handbrake bush.SLDPRT,.sldprt,CAD,164864,68f154ff8451f5bb243aa190f5fe533286b56f06b2b46ee0da10542036749d8a
chinese-generic-sim-handbrake-model-1.snapshot.1,chinese-generic-sim-handbrake-model-1.snapshot.1/Chinese Handbrake circlip.SLDPRT,Chinese Handbrake circlip.SLDPRT,.sldprt,CAD,276992,deeb40d50c0b359a209a5ed6d5d1ecc73ec9095b5bffad944a6e479776411296
chinese-generic-sim-handbrake-model-1.snapshot.1,chinese-generic-sim-handbrake-model-1.snapshot.1/Chinese Handbrake cotter pin.SLDPRT,Chinese Handbrake cotter pin.SLDPRT,.sldprt,CAD,228864,82dd5eda9adc46425ec8da2491806c825c102859ffc3e7176c0e32876a0d2d51
chinese-generic-sim-handbrake-model-1.snapshot.1,chinese-generic-sim-handbrake-model-1.snapshot.1/Chinese Handbrake end plate.SLDPRT,Chinese Handbrake end plate.SLDPRT,.sldprt,CAD,299520,c992122f836bc6c05b0938f63babe0fa34b4be67e8f3e33b8894a11404fc5922
chinese-generic-sim-handbrake-model-1.snapshot.1,chinese-generic-sim-handbrake-model-1.snapshot.1/Chinese handbrake handle assembly.SLDASM,Chinese handbrake handle assembly.SLDASM,.sldasm,CAD,427008,6b7937ecad702121519f82d995aef978970b88e7968a22f63964c633a690ab51
chinese-generic-sim-handbrake-model-1.snapshot.1,chinese-generic-sim-handbrake-model-1.snapshot.1/Chinese Handbrake handle bush.SLDPRT,Chinese Handbrake handle bush.SLDPRT,.sldprt,CAD,146944,d501a19b804e774737db54ab537f7c9aef750191e4353ef09bd415816e67de53
chinese-generic-sim-handbrake-model-1.snapshot.1,chinese-generic-sim-handbrake-model-1.snapshot.1/Chinese Handbrake Lower Handle.SLDPRT,Chinese Handbrake Lower Handle.SLDPRT,.sldprt,CAD,385536,52cf96594c6f713ef633673b63f32211aa0e099adc22c84c6cedd0210f99af89
chinese-generic-sim-handbrake-model-1.snapshot.1,chinese-generic-sim-handbrake-model-1.snapshot.1/Chinese handbrake PCB assembly.SLDASM,Chinese handbrake PCB assembly.SLDASM,.sldasm,CAD,276992,700565e25742f79099854549b0b235418497b0583f2b52d267e950e2602b8db9
chinese-generic-sim-handbrake-model-1.snapshot.1,chinese-generic-sim-handbrake-model-1.snapshot.1/Chinese Handbrake PCB cover.SLDPRT,Chinese Handbrake PCB cover.SLDPRT,.sldprt,CAD,264704,e0f77ea1697a31148e2ca3316db9125d95bf87c97eb1a8eb7713a59342a8a580
chinese-generic-sim-handbrake-model-1.snapshot.1,chinese-generic-sim-handbrake-model-1.snapshot.1/Chinese Handbrake PCB.SLDPRT,Chinese Handbrake PCB.SLDPRT,.sldprt,CAD,221696,b2ce72bb9ca64ce8e49cc21b952f56a4b6887f521f625d0dcb24f7a05e6c32b3
chinese-generic-sim-handbrake-model-1.snapshot.1,chinese-generic-sim-handbrake-model-1.snapshot.1/Chinese Handbrake plastic washer.SLDPRT,Chinese Handbrake plastic washer.SLDPRT,.sldprt,CAD,173056,984f0bc759883827ff7df0300178ee70485784eaa8a2c1341bee5ba45a65d984
chinese-generic-sim-handbrake-model-1.snapshot.1,chinese-generic-sim-handbrake-model-1.snapshot.1/Chinese Handbrake plastic washer1mm.SLDPRT,Chinese Handbrake plastic washer1mm.SLDPRT,.sldprt,CAD,137728,c8e74d6717c5da8fb8ace3e9e8ae7e251e19fe9784594856e6e507f021649857
chinese-generic-sim-handbrake-model-1.snapshot.1,chinese-generic-sim-handbrake-model-1.snapshot.1/Chinese Handbrake reaction plate.SLDPRT,Chinese Handbrake reaction plate.SLDPRT,.sldprt,CAD,469504,729ebc4b5a581adf0f383700d86035e9e5eba0c0a8feb620a3f3677abc928838
chinese-generic-sim-handbrake-model-1.snapshot.1,chinese-generic-sim-handbrake-model-1.snapshot.1/Chinese Handbrake side wall.SLDPRT,Chinese Handbrake side wall.SLDPRT,.sldprt,CAD,368640,4c8f7e93a50b2732a5061e087f8420c56d6281831b4d3f79b9cf4ead0b0e6f8e
chinese-generic-sim-handbrake-model-1.snapshot.1,chinese-generic-sim-handbrake-model-1.snapshot.1/Chinese Handbrake spring.SLDPRT,Chinese Handbrake spring.SLDPRT,.sldprt,CAD,570880,d603a3b9eebce5492231b090aa508fd4ad2e7e6810876b5ca875954428f14c17
chinese-generic-sim-handbrake-model-1.snapshot.1,chinese-generic-sim-handbrake-model-1.snapshot.1/Chinese Handbrake UpperHandle.SLDPRT,Chinese Handbrake UpperHandle.SLDPRT,.sldprt,CAD,317440,ac039f82fc8a6c84fb92b51a15e7bdebdcd237ed65f34d766f0af459f26f3078
chinese-generic-sim-handbrake-model-1.snapshot.1,chinese-generic-sim-handbrake-model-1.snapshot.1/Chinese handbrake yoke assembly.SLDASM,Chinese handbrake yoke assembly.SLDASM,.sldasm,CAD,698368,07e5a19b7d9122024c9cd6d7ab381a97c0ff021310f96624c4710e80641f59df
chinese-generic-sim-handbrake-model-1.snapshot.1,chinese-generic-sim-handbrake-model-1.snapshot.1/Chinese Handbrake yoke.SLDPRT,Chinese Handbrake yoke.SLDPRT,.sldprt,CAD,354304,52eed7a58ed0460105f4b91066efdc2db0275a4d385d71fd91efe961a7c0fa28
fanatec-handbrake-1.snapshot.1,fanatec-handbrake-1.snapshot.1/FANATEC Handbrake down.step,FANATEC Handbrake down.step,.step,CAD,147149,4ba656ccde9d89fd2b8b84ee7aaa575701930caff3e182ed9969a397329381e6
fanatec-handbrake-1.snapshot.1,fanatec-handbrake-1.snapshot.1/FANATEC Handbrake up.step,FANATEC Handbrake up.step,.step,CAD,146853,ce3390463b877992314d3ab37f14ed6e4a7963fbedf3a43ae6f16dc04bc7b61f
fanatec-handbrake-1.snapshot.1,fanatec-handbrake-1.snapshot.1/FANATEC Handbrake v2.f3d,FANATEC Handbrake v2.f3d,.f3d,CAD,59459,73822047eebbeef7695887c1c98f544c9d16cd814f32eefa3a6717ae161c3b94
handbrake-for-sim-racing-diy-1.snapshot.48,handbrake-for-sim-racing-diy-1.snapshot.48/Cutting; flexion; electronics and information/electronics/AS5600_analog_pcb/as56001.png,as56001.png,.png,image/render,36770,f04b423bdad37bc8902a999effcfbb3965e2eeabcc4b3f62fb6188494a6fd08c
handbrake-for-sim-racing-diy-1.snapshot.48,handbrake-for-sim-racing-diy-1.snapshot.48/Cutting; flexion; electronics and information/electronics/AS5600_analog_pcb/as56002.jpg,as56002.jpg,.jpg,image/render,61692,f8ab118fa7efdce4f3581db0c9a2fc02bbf994df897c42371ce189fb1d8fe4ef
handbrake-for-sim-racing-diy-1.snapshot.48,handbrake-for-sim-racing-diy-1.snapshot.48/Cutting; flexion; electronics and information/electronics/AS5600_analog_pcb/AS5600_pcb.zip,AS5600_pcb.zip,.zip,archive,19907,595b33b28d4c205b77ee765d87ef2ce05c18e44cef03b3d012bd4886669cdd6e
handbrake-for-sim-racing-diy-1.snapshot.48,handbrake-for-sim-racing-diy-1.snapshot.48/Cutting; flexion; electronics and information/electronics/AS5600_analog_pcb/AS5600_pcb_Vcat.zip,AS5600_pcb_Vcat.zip,.zip,archive,28810,78a754d9c7702f57fb480bd316e1bb13d82933c3752ea2c93f37b6a320a7366a
handbrake-for-sim-racing-diy-1.snapshot.48,handbrake-for-sim-racing-diy-1.snapshot.48/Cutting; flexion; electronics and information/electronics/AS5600_analog_pcb/BOM_PCB_AS5600_pcb.csv,BOM_PCB_AS5600_pcb.csv,.csv,documentation/data,1148,28ba2542c12e59fdeeb6d3067b14f3ef619fa215eb53362625e580cbd4ed601b
handbrake-for-sim-racing-diy-1.snapshot.48,handbrake-for-sim-racing-diy-1.snapshot.48/Cutting; flexion; electronics and information/electronics/AS5600_analog_pcb/PickAndPlace_PCB_AS5600_pcb.csv,PickAndPlace_PCB_AS5600_pcb.csv,.csv,documentation/data,1270,0a460bc9bf757d54328ca03cae81c24a06e21d80c99825e26bd4884d44ef9ac4
handbrake-for-sim-racing-diy-1.snapshot.48,handbrake-for-sim-racing-diy-1.snapshot.48/Cutting; flexion; electronics and information/fasteners and accessories.png,fasteners and accessories.png,.png,image/render,16943,7d749300fa03a995a426ba32905ba908e80f5e8582bae7a0ef6c9aaa4b0326fe
handbrake-for-sim-racing-diy-1.snapshot.48,handbrake-for-sim-racing-diy-1.snapshot.48/Cutting; flexion; electronics and information/printed parts/cap.stl,cap.stl,.stl,CAD,2420984,69356f5cc7b3dd55592f9bee7e5b6f88b9289811f85de1ecb63a6c840534af79
handbrake-for-sim-racing-diy-1.snapshot.48,handbrake-for-sim-racing-diy-1.snapshot.48/Cutting; flexion; electronics and information/printed parts/clamp.stl,clamp.stl,.stl,CAD,8437284,d797c8cdd4a84f53c189ac67d64a38780ab9bb38a0f0d1f47fda3157ea808504
handbrake-for-sim-racing-diy-1.snapshot.48,handbrake-for-sim-racing-diy-1.snapshot.48/Cutting; flexion; electronics and information/printed parts/hand rest.stl,hand rest.stl,.stl,CAD,2037284,9823f612999f4045b1c1676c19dd2eaa9ff81cab8dad520c611d21f3160983bf
handbrake-for-sim-racing-diy-1.snapshot.48,handbrake-for-sim-racing-diy-1.snapshot.48/Cutting; flexion; electronics and information/printed parts/handle.stl,handle.stl,.stl,CAD,134884,a1b0ba53062994f33ec214c2051fed2a9744c0aa304e725fa75c0795fe296aaa
handbrake-for-sim-racing-diy-1.snapshot.48,handbrake-for-sim-racing-diy-1.snapshot.48/Cutting; flexion; electronics and information/printed parts/hbha.stl,hbha.stl,.stl,CAD,199584,795d9af1a6916610660b7730cd2c4049e3d65c22df0b33571f582517a6943528
handbrake-for-sim-racing-diy-1.snapshot.48,handbrake-for-sim-racing-diy-1.snapshot.48/Cutting; flexion; electronics and information/printed parts/magnet holder.stl,magnet holder.stl,.stl,CAD,1259784,8c0c5b9fcbbd52b8cdfea2d2dcb8fa4f05358f99c34c7ca114329526ee0be163
handbrake-for-sim-racing-diy-1.snapshot.48,handbrake-for-sim-racing-diy-1.snapshot.48/Cutting; flexion; electronics and information/printed parts/rear hub.stl,rear hub.stl,.stl,CAD,139484,1a57deda7044e326b0c1367c2086e4be955b7ee7287434a13e4724d9a7f8487e
handbrake-for-sim-racing-diy-1.snapshot.48,handbrake-for-sim-racing-diy-1.snapshot.48/Cutting; flexion; electronics and information/printed parts/spacer.stl,spacer.stl,.stl,CAD,61684,08bffbacf77b11546c912b15b7033b74c77b93a7dbb7be12e2fdf397c40b9745
handbrake-for-sim-racing-diy-1.snapshot.48,handbrake-for-sim-racing-diy-1.snapshot.48/Cutting; flexion; electronics and information/printed parts/spacer1.stl,spacer1.stl,.stl,CAD,56484,5358ab9a2710ec9d191f62ffc8b6678f8f0f451f659d8407ea4c2ebabf875af3
handbrake-for-sim-racing-diy-1.snapshot.48,handbrake-for-sim-racing-diy-1.snapshot.48/Cutting; flexion; electronics and information/printed parts/spacer2.stl,spacer2.stl,.stl,CAD,56684,527c37fd926a98f29ac31d7dd7c310fd0a8557a3923843795eb543187cf42b1e
handbrake-for-sim-racing-diy-1.snapshot.48,handbrake-for-sim-racing-diy-1.snapshot.48/Cutting; flexion; electronics and information/сutting 3mm/hand brake v1.1  (250x200).dxf,hand brake v1.1  (250x200).dxf,.dxf,CAD,108472,c6c39becfbd81580f5859d9fc409b61a4ab0feae8ddb1852b2c3523dfe2bc5d6
handbrake-for-sim-racing-diy-1.snapshot.48,handbrake-for-sim-racing-diy-1.snapshot.48/Cutting; flexion; electronics and information/сutting 3mm/hand brake v1.1 info.pdf,hand brake v1.1 info.pdf,.pdf,documentation/data,158427,34f270ab1dc2ced8c6d27afb6a19d4aea9da90f5ff26692507fff2d3f6d7b0f4
handbrake-for-sim-racing-diy-1.snapshot.48,handbrake-for-sim-racing-diy-1.snapshot.48/Cutting; flexion; electronics and information/сutting 3mm/Plates separately/hbplate1Logo.dxf,hbplate1Logo.dxf,.dxf,CAD,43215,5f2d3d28c8052d9b48bf79398bcaf281bc9ede73ceec4386f205b38e61a18445
handbrake-for-sim-racing-diy-1.snapshot.48,handbrake-for-sim-racing-diy-1.snapshot.48/Cutting; flexion; electronics and information/сutting 3mm/Plates separately/hbplate1R.dxf,hbplate1R.dxf,.dxf,CAD,39562,004e4a630eba27825eeb7ed642e00602e4c3c55db72910561771d1344b2ff5ad
handbrake-for-sim-racing-diy-1.snapshot.48,handbrake-for-sim-racing-diy-1.snapshot.48/Cutting; flexion; electronics and information/сutting 3mm/Plates separately/hbplate2(2pcs).dxf,hbplate2(2pcs).dxf,.dxf,CAD,35796,f2e0ba1c70dc9c5b90f6288bfd1c9a65d34f9f80fd492bf5cf2c1e22dc0c89a5
handbrake-for-sim-racing-diy-1.snapshot.48,handbrake-for-sim-racing-diy-1.snapshot.48/Cutting; flexion; electronics and information/сutting 3mm/Plates separately/hbplate3(2pcs).dxf,hbplate3(2pcs).dxf,.dxf,CAD,28418,b42775fdf919ebd6786008b72ebf16cb871728e90d508b4bd877c48518add28b
handbrake-for-sim-racing-diy-1.snapshot.48,handbrake-for-sim-racing-diy-1.snapshot.48/Cutting; flexion; electronics and information/сutting 3mm/Plates separately/hbplate4(2pcs).dxf,hbplate4(2pcs).dxf,.dxf,CAD,28546,acaa31f1aaca10506d7ac8c521da030c3ed9902a0980710ad9f0dc2d77705b32
handbrake-for-sim-racing-diy-1.snapshot.48,handbrake-for-sim-racing-diy-1.snapshot.48/Cutting; flexion; electronics and information/сutting 3mm/Plates separately/hbplate5.dxf,hbplate5.dxf,.dxf,CAD,24488,f819507b3fc3df360513f42803b3a2a701bcd0eb29061a95ceb79db9c1747a47
handbrake-for-sim-racing-diy-1.snapshot.48,handbrake-for-sim-racing-diy-1.snapshot.48/Cutting; flexion; electronics and information/сutting 3mm/Plates separately/hbplate6.dxf,hbplate6.dxf,.dxf,CAD,26925,bac25b54c5d9250dc35b814a1ff968ae799e9bc9a5ecefa23d9cdcc936e06462
handbrake-for-sim-racing-diy-1.snapshot.48,handbrake-for-sim-racing-diy-1.snapshot.48/HB1.jpg,HB1.jpg,.jpg,image/render,230192,75c302184ea09241d27d5b093232e306c08ec6c47346ecdc68b3c26b48aa4434
handbrake-for-sim-racing-diy-1.snapshot.48,handbrake-for-sim-racing-diy-1.snapshot.48/HB2.jpg,HB2.jpg,.jpg,image/render,225575,5708bac9f6de33ed293c4cb4b2ed6fb179d29a16c6ff662645ed814bd596677f
handbrake-for-sim-racing-diy-1.snapshot.48,handbrake-for-sim-racing-diy-1.snapshot.48/HB3.bmp,HB3.bmp,.bmp,image/render,3297546,1a49d324e291fba89e7413e90fe23557ccf7c2712dd79f816463c95d3f4d0847
handbrake-for-sim-racing-diy-1.snapshot.48,handbrake-for-sim-racing-diy-1.snapshot.48/STEP and Parasolid/hand brake v1.2.stp,hand brake v1.2.stp,.stp,CAD,2407352,bb7ea4b784603b2de32d2b084f0b5da034797afd1c3093be65fc1703ee9e3c56
handbrake-for-sim-racing-diy-1.snapshot.48,handbrake-for-sim-racing-diy-1.snapshot.48/STEP and Parasolid/hand brake v1.2.x_t,hand brake v1.2.x_t,.x_t,CAD,2429472,757671cd742f2eee85c2d851e4896fb58008fb822ebb506d10933df94bd4f49c
hydraulic-handbrake-1.snapshot.2,hydraulic-handbrake-1.snapshot.2/128296.jpg,128296.jpg,.jpg,image/render,18620,a4bc69948afd8b4a50e7ca62bdf20a8fea9e78a083dfe46e70b745852c07fa48
hydraulic-handbrake-1.snapshot.2,hydraulic-handbrake-1.snapshot.2/arm1.jpg,arm1.jpg,.jpg,image/render,43301,e4b4401f89a3298624da44d65f5a41f54e576cf43ee3fed4789c632a449738c2
hydraulic-handbrake-1.snapshot.2,hydraulic-handbrake-1.snapshot.2/arm2.jpg,arm2.jpg,.jpg,image/render,38155,36f668884325db1734a233026c7710e0888f6ac68809d75bcc1e3bd67f0aa6c1
hydraulic-handbrake-1.snapshot.2,hydraulic-handbrake-1.snapshot.2/durjach.jpg,durjach.jpg,.jpg,image/render,35977,ca2a2139d4a64fd5302b728dcc5b5e57fc9881208e427bc64d365be60aa1ef3a
hydraulic-handbrake-1.snapshot.2,hydraulic-handbrake-1.snapshot.2/Handbrake/Arm1.SLDPRT,Arm1.SLDPRT,.sldprt,CAD,240640,f9b6d813654ba8e33cfe657e2055640a1ca8d884304c5d9f28c0fed55594c6dc
hydraulic-handbrake-1.snapshot.2,hydraulic-handbrake-1.snapshot.2/Handbrake/Arm2.SLDPRT,Arm2.SLDPRT,.sldprt,CAD,160768,079937ea43314360f340f5e8bb66fd22afa6c284f0e0b5d1e9994717648c2d98
hydraulic-handbrake-1.snapshot.2,hydraulic-handbrake-1.snapshot.2/Handbrake/ArmButalo.SLDPRT,ArmButalo.SLDPRT,.sldprt,CAD,114176,1fb9481389115ccf3eb44a9ca08114deb83fc3e99cc1fb8802bcd55fa6715f62
hydraulic-handbrake-1.snapshot.2,hydraulic-handbrake-1.snapshot.2/Handbrake/Butalo.SLDPRT,Butalo.SLDPRT,.sldprt,CAD,104448,0922971e78c11c9de846f6498dae823d680a0c1ca11adccda707894e747fd41d
hydraulic-handbrake-1.snapshot.2,hydraulic-handbrake-1.snapshot.2/Handbrake/Durjach.SLDPRT,Durjach.SLDPRT,.sldprt,CAD,236032,b106ca782b062c9b10eb1205e3bca5d995748defb082fc65442632872eaa5432
hydraulic-handbrake-1.snapshot.2,hydraulic-handbrake-1.snapshot.2/Handbrake/DWG/Arm1.DWG,Arm1.DWG,.dwg,CAD,78039,f19787750b0a60e67ad7fd35c6c353a5c36296009a3a5e39f157d171c82e68ba
hydraulic-handbrake-1.snapshot.2,hydraulic-handbrake-1.snapshot.2/Handbrake/DWG/Arm2.DWG,Arm2.DWG,.dwg,CAD,63427,adb168b56f9e0aea6129fe3c4aecc109b0d4c1a06129b765024037bb8df5003e
hydraulic-handbrake-1.snapshot.2,hydraulic-handbrake-1.snapshot.2/Handbrake/DWG/Durjach.DWG,Durjach.DWG,.dwg,CAD,45539,117e7e371e398dfc372eed02151383c519804c5bba1b83c36a45db0638779025
hydraulic-handbrake-1.snapshot.2,hydraulic-handbrake-1.snapshot.2/Handbrake/DWG/KapakOsnova.DWG,KapakOsnova.DWG,.dwg,CAD,51891,a049ec592006edea729dd33334e1943cbf9e84c5ea772bbfd374a6507e150ed1
hydraulic-handbrake-1.snapshot.2,hydraulic-handbrake-1.snapshot.2/Handbrake/DWG/Osnova.DWG,Osnova.DWG,.dwg,CAD,78835,116162d9f493c76281027c338834a46227525a4e9ace811891801afd93f4addb
hydraulic-handbrake-1.snapshot.2,hydraulic-handbrake-1.snapshot.2/Handbrake/DWG/Rukohvatka.DWG,Rukohvatka.DWG,.dwg,CAD,64861,f9ee1e3f957331891d9667869af4c720b816958bd05b13c6edf343d605d6a268
hydraulic-handbrake-1.snapshot.2,hydraulic-handbrake-1.snapshot.2/Handbrake/DWG/Shtift.DWG,Shtift.DWG,.dwg,CAD,43296,85d7992acc87a1d488e6492287d4691906643e6f1c2961f83b511472dd0e1a22
hydraulic-handbrake-1.snapshot.2,hydraulic-handbrake-1.snapshot.2/Handbrake/DWG/Stoper.DWG,Stoper.DWG,.dwg,CAD,41327,17e664aa5b830019c7a488b296ff72636942030340511c0ba8bcd9b79d82aa9c
hydraulic-handbrake-1.snapshot.2,hydraulic-handbrake-1.snapshot.2/Handbrake/DWG/UhoStoperSLDPRT.DWG,UhoStoperSLDPRT.DWG,.dwg,CAD,41386,3fd970d995b4b42f2463bd205983fa2051a695fd30409f214b4357eea8681958
hydraulic-handbrake-1.snapshot.2,hydraulic-handbrake-1.snapshot.2/Handbrake/Handbrake.SLDASM,Handbrake.SLDASM,.sldasm,CAD,359936,cf6df2c6d022f4b413d4a2c050694edb5c89f79a58e36fde5546cd8e4aaf0f0d
hydraulic-handbrake-1.snapshot.2,hydraulic-handbrake-1.snapshot.2/Handbrake/IGS/Arm1.IGS,Arm1.IGS,.igs,CAD,296676,3247548956fc86b0b345ed7bf0ad55e8d831d8310d1d8b511d96415ff5770b3b
hydraulic-handbrake-1.snapshot.2,hydraulic-handbrake-1.snapshot.2/Handbrake/IGS/Arm2.IGS,Arm2.IGS,.igs,CAD,270436,5e6803923a79b274085c1315a642ea5a1a91a6cfd222d812987ce2d21a9dea67
hydraulic-handbrake-1.snapshot.2,hydraulic-handbrake-1.snapshot.2/Handbrake/IGS/Durjach.IGS,Durjach.IGS,.igs,CAD,86346,dde484b794217d86c74cb349a88c5a4bcbbb871896d9c9354a8af8e7edaa76d4
hydraulic-handbrake-1.snapshot.2,hydraulic-handbrake-1.snapshot.2/Handbrake/IGS/KapakOsnova.IGS,KapakOsnova.IGS,.igs,CAD,177366,5318739a88431a9f93fdb9bf128186c1998da7795e043a035b14e16230789da4
hydraulic-handbrake-1.snapshot.2,hydraulic-handbrake-1.snapshot.2/Handbrake/IGS/Osnova.IGS,Osnova.IGS,.igs,CAD,578592,3b4e6fe2750a75e18fec37bd19a0c4fc36f14f22d27c2fd993b540a2cc847696
hydraulic-handbrake-1.snapshot.2,hydraulic-handbrake-1.snapshot.2/Handbrake/IGS/Rukohvatka.IGS,Rukohvatka.IGS,.igs,CAD,274536,e2613b9962bd96fc5bb8c594cc21256eb4f3d9205428868d85da8afe00816a4b
hydraulic-handbrake-1.snapshot.2,hydraulic-handbrake-1.snapshot.2/Handbrake/IGS/Shtift.IGS,Shtift.IGS,.igs,CAD,110618,500db80fb547ea01999295d7e4c889b9dc3835562a151f9a4d1ad297b5994703
hydraulic-handbrake-1.snapshot.2,hydraulic-handbrake-1.snapshot.2/Handbrake/IGS/Stoper.IGS,Stoper.IGS,.igs,CAD,65190,c5e32dd584a3c21fe264bf0b55ab43ed07fe713b0d994b2f76fdaf1dbd213277
hydraulic-handbrake-1.snapshot.2,hydraulic-handbrake-1.snapshot.2/Handbrake/IGS/UhoStoperSLDPRT.IGS,UhoStoperSLDPRT.IGS,.igs,CAD,57646,3df3222c02c795efde185de60fcf01180191082bf6f12d2501f9a9f464c63a5f
hydraulic-handbrake-1.snapshot.2,hydraulic-handbrake-1.snapshot.2/Handbrake/KapakOsnova.SLDPRT,KapakOsnova.SLDPRT,.sldprt,CAD,165376,1a25254bbb6201162c2e6f7f7e564d06b82a6a0ff01f6f9ac87f1a3266336c4b
hydraulic-handbrake-1.snapshot.2,hydraulic-handbrake-1.snapshot.2/Handbrake/Osnova.SLDPRT,Osnova.SLDPRT,.sldprt,CAD,273920,b92b959b09568ee5f5103ec41d0f10ef3c55dc8c60a4295b42f46ce30ae15f71
hydraulic-handbrake-1.snapshot.2,hydraulic-handbrake-1.snapshot.2/Handbrake/PompaTqlo.SLDPRT,PompaTqlo.SLDPRT,.sldprt,CAD,322560,10e0cac5a6601486ecb2b7a64488b5a48f4a8fd1b7bf443bbbe5e4e379d73d18
hydraulic-handbrake-1.snapshot.2,hydraulic-handbrake-1.snapshot.2/Handbrake/Rukohvatka.SLDPRT,Rukohvatka.SLDPRT,.sldprt,CAD,213504,fba120b5223fa8d397a66e4ca42e9bf867a6017162cee637ed3b107d38359bbf
hydraulic-handbrake-1.snapshot.2,hydraulic-handbrake-1.snapshot.2/Handbrake/Shtift.SLDPRT,Shtift.SLDPRT,.sldprt,CAD,119808,cc06af20462a6848fb7cdcb5bb4544ada37d847f7ac07d5c5fa781f43ca09eb1
hydraulic-handbrake-1.snapshot.2,hydraulic-handbrake-1.snapshot.2/Handbrake/SolidWorks_Draw/Arm1.SLDDRW,Arm1.SLDDRW,.slddrw,CAD,303104,cfa7a8553f1d4fe2e2f8536bfac55bdd3d174b98eb76ad2547d372e3ce91d8ee
hydraulic-handbrake-1.snapshot.2,hydraulic-handbrake-1.snapshot.2/Handbrake/SolidWorks_Draw/Arm2.SLDDRW,Arm2.SLDDRW,.slddrw,CAD,262656,bad64b1a81cd4c68f39c357c2a1dd1c4f285f3defb43fc93567a01a3c34bf22d
hydraulic-handbrake-1.snapshot.2,hydraulic-handbrake-1.snapshot.2/Handbrake/SolidWorks_Draw/Durjach.SLDDRW,Durjach.SLDDRW,.slddrw,CAD,201728,5400e7fa5dd3caa85dfc1632444bc9dfac9b99ebc284e20767156bf9c924fbcd
hydraulic-handbrake-1.snapshot.2,hydraulic-handbrake-1.snapshot.2/Handbrake/SolidWorks_Draw/KapakOsnova.SLDDRW,KapakOsnova.SLDDRW,.slddrw,CAD,229888,acc509e29e68b39f3887539727748ae819b093e5b24d2b09e1938848fc0c8ac6
hydraulic-handbrake-1.snapshot.2,hydraulic-handbrake-1.snapshot.2/Handbrake/SolidWorks_Draw/Osnova.SLDDRW,Osnova.SLDDRW,.slddrw,CAD,291840,19f473548e6634bd0164134d4a85cf744b8b94fdbc66de961216f9928e569545
hydraulic-handbrake-1.snapshot.2,hydraulic-handbrake-1.snapshot.2/Handbrake/SolidWorks_Draw/Rukohvatka.SLDDRW,Rukohvatka.SLDDRW,.slddrw,CAD,231424,b0a4cf30bcfeeba19fb5722a70ee98de92553750acc48b4393fc45ebfbb35a96
hydraulic-handbrake-1.snapshot.2,hydraulic-handbrake-1.snapshot.2/Handbrake/SolidWorks_Draw/Shtift.SLDDRW,Shtift.SLDDRW,.slddrw,CAD,187392,3d379e1b3a9e59308fa2ccc8a20bfcca9a1bf062565aafd88c607898bcb6c245
hydraulic-handbrake-1.snapshot.2,hydraulic-handbrake-1.snapshot.2/Handbrake/SolidWorks_Draw/Stoper.SLDDRW,Stoper.SLDDRW,.slddrw,CAD,238080,6397e7933f69b4f49492dbf03231fbd5562e663a66947b4cb0ad91b28c41b667
hydraulic-handbrake-1.snapshot.2,hydraulic-handbrake-1.snapshot.2/Handbrake/SolidWorks_Draw/UhoStoperSLDPRT.SLDDRW,UhoStoperSLDPRT.SLDDRW,.slddrw,CAD,204288,195f96e6e988047e27462bcec8618c455cee036750457e9e22f7048317846a6e
hydraulic-handbrake-1.snapshot.2,hydraulic-handbrake-1.snapshot.2/Handbrake/Stoper.SLDPRT,Stoper.SLDPRT,.sldprt,CAD,120832,b5c443264ee1fe47c1ffca5ea6a6cb6a575b3e7f77ae2fcca02f4c53619ff3bf
hydraulic-handbrake-1.snapshot.2,hydraulic-handbrake-1.snapshot.2/Handbrake/UhoStoperSLDPRT.SLDPRT,UhoStoperSLDPRT.SLDPRT,.sldprt,CAD,104960,b7a4d3d43b55505755ed252215715bef7e353acbe32b3518b921c32d065c560b
hydraulic-handbrake-1.snapshot.2,hydraulic-handbrake-1.snapshot.2/Handbrake/Web/arm1.jpg,arm1.jpg,.jpg,image/render,43301,e4b4401f89a3298624da44d65f5a41f54e576cf43ee3fed4789c632a449738c2
hydraulic-handbrake-1.snapshot.2,hydraulic-handbrake-1.snapshot.2/Handbrake/Web/arm11.jpg,arm11.jpg,.jpg,image/render,69822,543fb0c77bf37413ac4f5bc594f0c1dccb4bcbd7d5337ce8346a769e70db0cd2
hydraulic-handbrake-1.snapshot.2,hydraulic-handbrake-1.snapshot.2/Handbrake/Web/arm2.jpg,arm2.jpg,.jpg,image/render,38155,36f668884325db1734a233026c7710e0888f6ac68809d75bcc1e3bd67f0aa6c1
hydraulic-handbrake-1.snapshot.2,hydraulic-handbrake-1.snapshot.2/Handbrake/Web/arm21.jpg,arm21.jpg,.jpg,image/render,62557,6672231e9a3cb763fc45087f9e6a737cff6842f734d8d15611c766ae96adc640
hydraulic-handbrake-1.snapshot.2,hydraulic-handbrake-1.snapshot.2/Handbrake/Web/durjach.jpg,durjach.jpg,.jpg,image/render,35977,ca2a2139d4a64fd5302b728dcc5b5e57fc9881208e427bc64d365be60aa1ef3a
hydraulic-handbrake-1.snapshot.2,hydraulic-handbrake-1.snapshot.2/Handbrake/Web/durjach1.jpg,durjach1.jpg,.jpg,image/render,55000,8494afd309738cb1889012e294ca2e3ee0ca33502c38e3b63f1c6cfbed5827a9
hydraulic-handbrake-1.snapshot.2,hydraulic-handbrake-1.snapshot.2/Handbrake/Web/handbrake.jpg,handbrake.jpg,.jpg,image/render,57824,9453de01b8d7195be760b4f44d1d81ee353f6b4678c23b31e340d424c1def658
hydraulic-handbrake-1.snapshot.2,hydraulic-handbrake-1.snapshot.2/Handbrake/Web/kapakosnova.jpg,kapakosnova.jpg,.jpg,image/render,37060,e6a460e77ef9d3a5885a3eee13a8ff3144fdc38510bbee895f115fba59608969
hydraulic-handbrake-1.snapshot.2,hydraulic-handbrake-1.snapshot.2/Handbrake/Web/kapakosnova1.jpg,kapakosnova1.jpg,.jpg,image/render,60986,7575d82dd5f4807f0100821a73d579fcc853220eceadeb1c5531c3dae217cc92
hydraulic-handbrake-1.snapshot.2,hydraulic-handbrake-1.snapshot.2/Handbrake/Web/osnova.jpg,osnova.jpg,.jpg,image/render,43466,614964b5db4f703a8bc61fb99e044650bac480b4c11e130529f75576a58b41f7
hydraulic-handbrake-1.snapshot.2,hydraulic-handbrake-1.snapshot.2/Handbrake/Web/osnova1.jpg,osnova1.jpg,.jpg,image/render,80215,bea9ee39b0f25d2b0a6b6352941d7981314696a746d2f8615363e25710f47473
hydraulic-handbrake-1.snapshot.2,hydraulic-handbrake-1.snapshot.2/Handbrake/Web/rukohvatka.jpg,rukohvatka.jpg,.jpg,image/render,40989,4ba04dcb99165446b03c10fca8eab030560974d24f53c031219b345f5d81b502
hydraulic-handbrake-1.snapshot.2,hydraulic-handbrake-1.snapshot.2/Handbrake/Web/rukohvatka1.jpg,rukohvatka1.jpg,.jpg,image/render,48135,9d233d1f9eafb90adf6ee54734dbb74d02e174afc92249d69271ab60a0a4eeb9
hydraulic-handbrake-1.snapshot.2,hydraulic-handbrake-1.snapshot.2/Handbrake/Web/shtift.jpg,shtift.jpg,.jpg,image/render,36538,6769343fafbfc028903b73b63d3a0bf608bb5ec0230202427f576543c07d2f96
hydraulic-handbrake-1.snapshot.2,hydraulic-handbrake-1.snapshot.2/Handbrake/Web/shtift1.jpg,shtift1.jpg,.jpg,image/render,42473,92f4a4bf74bd9617cf5044d737475ea6eb9dc6a00300ff0b4c89d77e6139e2b3
hydraulic-handbrake-1.snapshot.2,hydraulic-handbrake-1.snapshot.2/Handbrake/Web/stoper.jpg,stoper.jpg,.jpg,image/render,36032,581db4186408649cc4d716162afb1150477133d875fcb72cb7c95f108f5ddb98
hydraulic-handbrake-1.snapshot.2,hydraulic-handbrake-1.snapshot.2/Handbrake/Web/stoper1.jpg,stoper1.jpg,.jpg,image/render,51491,026bdc9d038bf4f492af45445f890c2f099739186ce7c46758d6ace2a1bd2e6e
hydraulic-handbrake-1.snapshot.2,hydraulic-handbrake-1.snapshot.2/Handbrake/Web/uhostopersldprt.jpg,uhostopersldprt.jpg,.jpg,image/render,32293,bb8ece692fe340ffb575d66c9b945526a294cfbc08feed2ad8a587fb32fc9835
hydraulic-handbrake-1.snapshot.2,hydraulic-handbrake-1.snapshot.2/Handbrake/Web/uhostopersldprt1.jpg,uhostopersldprt1.jpg,.jpg,image/render,38812,88d152993ac8e9231852cb14484a954a49d0d55d2a35f1de22efa89a2411e298
hydraulic-handbrake-1.snapshot.2,hydraulic-handbrake-1.snapshot.2/handbrake.jpg,handbrake.jpg,.jpg,image/render,57824,9453de01b8d7195be760b4f44d1d81ee353f6b4678c23b31e340d424c1def658
hydraulic-handbrake-1.snapshot.2,hydraulic-handbrake-1.snapshot.2/Handbrake.stp,Handbrake.stp,.stp,CAD,379510,afc8e5775a2325cf1ec7e0ccb268ecea44d6e4499dedf4932240b29ef65db473
hydraulic-handbrake-1.snapshot.2,hydraulic-handbrake-1.snapshot.2/kapakosnova.jpg,kapakosnova.jpg,.jpg,image/render,37060,e6a460e77ef9d3a5885a3eee13a8ff3144fdc38510bbee895f115fba59608969
hydraulic-handbrake-1.snapshot.2,hydraulic-handbrake-1.snapshot.2/osnova.jpg,osnova.jpg,.jpg,image/render,43466,614964b5db4f703a8bc61fb99e044650bac480b4c11e130529f75576a58b41f7
hydraulic-handbrake-1.snapshot.2,hydraulic-handbrake-1.snapshot.2/rukohvatka.jpg,rukohvatka.jpg,.jpg,image/render,40989,4ba04dcb99165446b03c10fca8eab030560974d24f53c031219b345f5d81b502
hydraulic-handbrake-1.snapshot.2,hydraulic-handbrake-1.snapshot.2/shtift.jpg,shtift.jpg,.jpg,image/render,36538,6769343fafbfc028903b73b63d3a0bf608bb5ec0230202427f576543c07d2f96
hydraulic-handbrake-1.snapshot.2,hydraulic-handbrake-1.snapshot.2/stoper.jpg,stoper.jpg,.jpg,image/render,36032,581db4186408649cc4d716162afb1150477133d875fcb72cb7c95f108f5ddb98
hydraulic-handbrake-1.snapshot.2,hydraulic-handbrake-1.snapshot.2/uhostopersldprt.jpg,uhostopersldprt.jpg,.jpg,image/render,32293,bb8ece692fe340ffb575d66c9b945526a294cfbc08feed2ad8a587fb32fc9835
moza-hbp-handbrake-low-poly-1.snapshot.1,moza-hbp-handbrake-low-poly-1.snapshot.1/MOZA HBP Handbrake Low Poly.step,MOZA HBP Handbrake Low Poly.step,.step,CAD,76661,9cbb71e77c7cd50e0436d7b4f796ab7d4a31b5630b978103b93d2cd685e06171
moza-hbp-handbrake-low-poly-1.snapshot.1,moza-hbp-handbrake-low-poly-1.snapshot.1/MOZA HBP Handbrake Low Poly.stl,MOZA HBP Handbrake Low Poly.stl,.stl,CAD,24184,f88ebac2690294dca1063fe75e91b11eebc9c899b27bd1ce9b281f4dbe189d79
