part_id,material,valid,solids,volume_mm3,bbox_x_mm,bbox_y_mm,bbox_z_mm,printable
P1C-S001_BASE_TRAY,steel,True,1,68002.408,190.0,88.0,18.0,False
P1C-S002_LEFT_SIDE_FRAME,steel,True,1,18486.612,96.0,20.0,85.0,False
P1C-S003_RIGHT_SIDE_FRAME,steel,True,1,18541.395,96.0,20.0,85.0,False
P1C-S004_STEEL_LEVER,steel,True,1,34673.597,282.0,5.0,28.0,False
P1C-S005_SPRING_BRACKET,steel,True,1,3217.675,24.0,24.0,30.0,False
P1C-S006_CLAMP_BRACKET,steel,True,1,45612.357,80.0,68.0,105.0,False
P1C-A001_LEFT_ACCENT,aluminium,True,1,5043.28,77.0,2.0,62.0,False
P1C-A002_RIGHT_ACCENT,aluminium,True,1,5043.28,77.0,2.0,62.0,False
P1C-P001_BEARING_HUB,printed,True,1,118952.134,132.0,30.065,68.025,True
P1C-P002_MAGNET_CARRIER,printed,True,1,3308.288,22.407,14.0,43.033,True
P1C-P003_HALL_WINDOW,printed,True,1,1777.772,52.109,3.025,53.578,True
P1C-P004_HALL_SLED,printed,True,1,3119.117,22.0,9.102,36.0,True
P1C-P005_ELECTRONICS_POD,printed,True,1,30992.675,54.002,64.0,30.002,True
P1C-P006_ELECTRONICS_LID,printed,True,1,8731.134,46.001,64.0,3.002,True
P1C-P007_CABLE_GUIDE,printed,True,1,1643.366,22.0,12.0,9.001,True
P1C-P008_CLAMP_KNOB,printed,True,1,27189.871,52.011,47.188,18.011,True
P1C-P009_SWIVEL_PAD,printed,True,1,12562.349,46.032,46.032,8.032,True
P1C-P010_SPRING_COLLAR,printed,True,1,906.035,22.015,22.015,10.015,True
