batch,part_id,filename,quantity,print_now,oriented_width_mm,oriented_depth_mm,oriented_height_mm,native_bbox_x_mm,native_bbox_y_mm,native_bbox_z_mm,recommended_orientation,support_or_brim_review,exact_stl_volume_cm3,engineering_estimate_50pct_g,estimate_status,source_relative_path,handoff_relative_path,source_sha256,copy_sha256,hashes_match
01_CALIBRATION_FIRST,CAL-608-07,COUPON_608_POCKETS_DEPTH_7.stl,1,YES - CALIBRATION FIRST,150.0,34.0,11.0,150.0,34.0,11.0,Flat base on bed; 7 mm pockets upward,No support expected; not slicer-verified,39.954,45.089,ENGINEERING ESTIMATE ONLY - REPLACE WITH REAL SLICER RESULT,coupons/COUPON_608_POCKETS_DEPTH_7.stl,01_CALIBRATION_FIRST/COUPON_608_POCKETS_DEPTH_7.stl,03c745782fe689825a7cbbdef4658112b868f30e656a21a747d0c5c5d9b8532f,03c745782fe689825a7cbbdef4658112b868f30e656a21a747d0c5c5d9b8532f,True
01_CALIBRATION_FIRST,CAL-608-14,COUPON_608_POCKETS_DEPTH_14.stl,1,YES - CALIBRATION FIRST,150.0,34.0,18.0,150.0,34.0,18.0,Flat base on bed; 14 mm pockets upward,No support expected; not slicer-verified,59.508,66.929,ENGINEERING ESTIMATE ONLY - REPLACE WITH REAL SLICER RESULT,coupons/COUPON_608_POCKETS_DEPTH_14.stl,01_CALIBRATION_FIRST/COUPON_608_POCKETS_DEPTH_14.stl,fec1c8ddbab1f6f05db7726a3c13c188b5d764ec9d7d2c3ed05ba40da446898d,fec1c8ddbab1f6f05db7726a3c13c188b5d764ec9d7d2c3ed05ba40da446898d,True
01_CALIBRATION_FIRST,CAL-M8,COUPON_M8_CLEARANCE.stl,1,YES - CALIBRATION FIRST,72.0,24.0,8.0,72.0,24.0,8.0,Flat base on bed; test bores vertical,No support expected; not slicer-verified,12.093,14.046,ENGINEERING ESTIMATE ONLY - REPLACE WITH REAL SLICER RESULT,coupons/COUPON_M8_CLEARANCE.stl,01_CALIBRATION_FIRST/COUPON_M8_CLEARANCE.stl,acea6d9bc33709af6f669f5804a722c6365f3773a5b2833c268d81c286412223,acea6d9bc33709af6f669f5804a722c6365f3773a5b2833c268d81c286412223,True
01_CALIBRATION_FIRST,CAL-M6,COUPON_M6_CLEARANCE.stl,1,YES - CALIBRATION FIRST,72.0,24.0,8.0,72.0,24.0,8.0,Flat base on bed; test bores vertical,No support expected; not slicer-verified,12.826,14.307,ENGINEERING ESTIMATE ONLY - REPLACE WITH REAL SLICER RESULT,coupons/COUPON_M6_CLEARANCE.stl,01_CALIBRATION_FIRST/COUPON_M6_CLEARANCE.stl,a45a1f484062f4d1742d5dd62db5c42a69b7841a0a3b455385c0e0b480f713bb,a45a1f484062f4d1742d5dd62db5c42a69b7841a0a3b455385c0e0b480f713bb,True
01_CALIBRATION_FIRST,CAL-M6-NUT,COUPON_M6_NUT_TRAPS.stl,1,YES - CALIBRATION FIRST,80.0,26.0,8.0,80.0,26.0,8.0,Largest flat face on bed; nut traps upward,No support expected; not slicer-verified,14.802,16.7,ENGINEERING ESTIMATE ONLY - REPLACE WITH REAL SLICER RESULT,coupons/COUPON_M6_NUT_TRAPS.stl,01_CALIBRATION_FIRST/COUPON_M6_NUT_TRAPS.stl,8bf992f34273020b3f0a4385d49f491d4425208a942c5c6a0fd9b34dd41a98a3,8bf992f34273020b3f0a4385d49f491d4425208a942c5c6a0fd9b34dd41a98a3,True
01_CALIBRATION_FIRST,CAL-MAG,COUPON_MAGNET_POCKETS.stl,1,YES - CALIBRATION FIRST,70.0,22.0,7.0,70.0,22.0,7.0,Largest flat face on bed; pockets upward,No support expected; not slicer-verified,10.153,11.632,ENGINEERING ESTIMATE ONLY - REPLACE WITH REAL SLICER RESULT,coupons/COUPON_MAGNET_POCKETS.stl,01_CALIBRATION_FIRST/COUPON_MAGNET_POCKETS.stl,b7efe489757b91e938b128f35b5b1812ac2b652687212b417774eb41abb63477,b7efe489757b91e938b128f35b5b1812ac2b652687212b417774eb41abb63477,True
01_CALIBRATION_FIRST,CAL-HALL,COUPON_HALL_GAP_JIG.stl,1,YES - CALIBRATION FIRST,104.0,35.0,18.0,104.0,35.0,18.0,Largest flat face on bed,No support expected; not slicer-verified,19.4,24.638,ENGINEERING ESTIMATE ONLY - REPLACE WITH REAL SLICER RESULT,coupons/COUPON_HALL_GAP_JIG.stl,01_CALIBRATION_FIRST/COUPON_HALL_GAP_JIG.stl,5512066bad1f762f857f08abed054e81d96671dd79bf90ed8b86fe1f8a02b634,5512066bad1f762f857f08abed054e81d96671dd79bf90ed8b86fe1f8a02b634,True
01_CALIBRATION_FIRST,CAL-BEAR-WALL,COUPON_LOADED_BEARING_WALL.stl,1,YES - CALIBRATION FIRST,79.0,48.0,20.0,78.983,20.0,47.97,Broad side face on bed; bearing axis horizontal,No support expected; not slicer-verified,42.048,39.618,ENGINEERING ESTIMATE ONLY - REPLACE WITH REAL SLICER RESULT,coupons/COUPON_LOADED_BEARING_WALL.stl,01_CALIBRATION_FIRST/COUPON_LOADED_BEARING_WALL.stl,39139e1081f35cd304ed171bd00f9997746f2e17cfb44fd47b8877f2abf22147,39139e1081f35cd304ed171bd00f9997746f2e17cfb44fd47b8877f2abf22147,True
02_MECHANICAL_CORE_AFTER_CALIBRATION,P1-001,P1-001_BASE.stl,1,NO - SLICER CHECK ONLY UNTIL CALIBRATION,180.0,84.0,10.0,180.0,84.0,10.0,Primary flat face on bed; steel recesses upward,No support expected; not slicer-verified,114.031,113.269,ENGINEERING ESTIMATE ONLY - REPLACE WITH REAL SLICER RESULT,stl/P1-001_BASE.stl,02_MECHANICAL_CORE_AFTER_CALIBRATION/P1-001_BASE.stl,7d3f568f87418e701f87bb2133e61aa9956ca6baeaa2b58afc2e1612160d71bc,7d3f568f87418e701f87bb2133e61aa9956ca6baeaa2b58afc2e1612160d71bc,True
02_MECHANICAL_CORE_AFTER_CALIBRATION,P1-002,P1-002_LEFT_PIVOT_SUPPORT.stl,1,NO - SLICER CHECK ONLY UNTIL CALIBRATION,56.0,93.0,18.0,56.0,18.0,92.999,Outer Y face on bed,No support expected; ream holes after printing,65.555,60.824,ENGINEERING ESTIMATE ONLY - REPLACE WITH REAL SLICER RESULT,stl/P1-002_LEFT_PIVOT_SUPPORT.stl,02_MECHANICAL_CORE_AFTER_CALIBRATION/P1-002_LEFT_PIVOT_SUPPORT.stl,3ece810536d0b1a00b37a84ddcdd0278d14cd3753d148b4bccc6602e0fd0750a,3ece810536d0b1a00b37a84ddcdd0278d14cd3753d148b4bccc6602e0fd0750a,True
02_MECHANICAL_CORE_AFTER_CALIBRATION,P1-003,P1-003_RIGHT_PIVOT_SUPPORT.stl,1,NO - SLICER CHECK ONLY UNTIL CALIBRATION,56.0,93.0,18.0,56.0,18.0,92.981,Outer Y face on bed,No support expected; not slicer-verified,68.848,60.88,ENGINEERING ESTIMATE ONLY - REPLACE WITH REAL SLICER RESULT,stl/P1-003_RIGHT_PIVOT_SUPPORT.stl,02_MECHANICAL_CORE_AFTER_CALIBRATION/P1-003_RIGHT_PIVOT_SUPPORT.stl,d33b2840a2cefd0b4a418b5e867b903083d8c624c9bc798de16634a69c65bce5,d33b2840a2cefd0b4a418b5e867b903083d8c624c9bc798de16634a69c65bce5,True
02_MECHANICAL_CORE_AFTER_CALIBRATION,P1-004,P1-004_LEVER_ROOT_BEARING_HUB.stl,1,NO - SLICER CHECK ONLY UNTIL CALIBRATION,124.0,64.0,28.0,124.0,28.0,63.996,One bearing face on bed,Conditional local support in accessible lever slot if bridging is poor,103.151,96.539,ENGINEERING ESTIMATE ONLY - REPLACE WITH REAL SLICER RESULT,stl/P1-004_LEVER_ROOT_BEARING_HUB.stl,02_MECHANICAL_CORE_AFTER_CALIBRATION/P1-004_LEVER_ROOT_BEARING_HUB.stl,fdd2fb970541168679b43921fe03a7c77aaa798b2d4cae33f63ee91b56e3afc3,fdd2fb970541168679b43921fe03a7c77aaa798b2d4cae33f63ee91b56e3afc3,True
02_MECHANICAL_CORE_AFTER_CALIBRATION,P1-006,P1-006_GRIP.stl,1,NO - SLICER CHECK ONLY UNTIL CALIBRATION,34.0,34.0,110.0,110.0,34.0,34.0,Upright on end with brim,No support expected; brim material is excluded,83.561,86.654,ENGINEERING ESTIMATE ONLY - REPLACE WITH REAL SLICER RESULT,stl/P1-006_GRIP.stl,02_MECHANICAL_CORE_AFTER_CALIBRATION/P1-006_GRIP.stl,2f8eca25749fec4d07d078b8fde875b64c29011db662e368009af32c5f05a473,2f8eca25749fec4d07d078b8fde875b64c29011db662e368009af32c5f05a473,True
02_MECHANICAL_CORE_AFTER_CALIBRATION,P1-007,P1-007_SPRING_ANCHOR_MODULE.stl,1,NO - SLICER CHECK ONLY UNTIL CALIBRATION,40.0,24.0,22.0,40.0,24.0,22.0,Foot on bed,No support expected; not slicer-verified,10.483,13.313,ENGINEERING ESTIMATE ONLY - REPLACE WITH REAL SLICER RESULT,stl/P1-007_SPRING_ANCHOR_MODULE.stl,02_MECHANICAL_CORE_AFTER_CALIBRATION/P1-007_SPRING_ANCHOR_MODULE.stl,cadcfc8e742066737f4309b49ce5dbb3fd6441a4c06b5b7be459606a04f1e37f,cadcfc8e742066737f4309b49ce5dbb3fd6441a4c06b5b7be459606a04f1e37f,True
02_MECHANICAL_CORE_AFTER_CALIBRATION,P1-008,P1-008_RELEASE_STOP.stl,1,NO - SLICER CHECK ONLY UNTIL CALIBRATION,18.7,22.9,8.0,18.699,8.0,22.942,Outer Y face on bed,No support expected; not slicer-verified,1.499,1.903,ENGINEERING ESTIMATE ONLY - REPLACE WITH REAL SLICER RESULT,stl/P1-008_RELEASE_STOP.stl,02_MECHANICAL_CORE_AFTER_CALIBRATION/P1-008_RELEASE_STOP.stl,af583dba5b5272301dc3543f9261e296c888336032107249bbbd8e9a7accc58f,af583dba5b5272301dc3543f9261e296c888336032107249bbbd8e9a7accc58f,True
02_MECHANICAL_CORE_AFTER_CALIBRATION,P1-009,P1-009_FULL_PULL_STOP.stl,1,NO - SLICER CHECK ONLY UNTIL CALIBRATION,23.6,24.3,8.0,23.58,8.0,24.32,Outer Y face on bed,No support expected; not slicer-verified,1.499,1.903,ENGINEERING ESTIMATE ONLY - REPLACE WITH REAL SLICER RESULT,stl/P1-009_FULL_PULL_STOP.stl,02_MECHANICAL_CORE_AFTER_CALIBRATION/P1-009_FULL_PULL_STOP.stl,29eb4b6f816d3745f068a8714673eabbfcf7129c582d424dfeb44e9340bdfd08,29eb4b6f816d3745f068a8714673eabbfcf7129c582d424dfeb44e9340bdfd08,True
03_SENSOR_AND_ELECTRONICS,P1-010,P1-010_MAGNET_HOLDER.stl,1,NO - SLICER CHECK ONLY UNTIL CALIBRATION,22.4,43.0,12.0,22.406,12.0,43.033,Inner arm face on bed,Conditional small local support at magnet cup,2.877,3.653,ENGINEERING ESTIMATE ONLY - REPLACE WITH REAL SLICER RESULT,stl/P1-010_MAGNET_HOLDER.stl,03_SENSOR_AND_ELECTRONICS/P1-010_MAGNET_HOLDER.stl,4ef32b2925b7f8e67ff1258b3a879526dd4fc01d3a88a4708130dd9d295696dc,4ef32b2925b7f8e67ff1258b3a879526dd4fc01d3a88a4708130dd9d295696dc,True
03_SENSOR_AND_ELECTRONICS,P1-011A,P1-011A_HALL_FIXED_BRACKET.stl,1,NO - SLICER CHECK ONLY UNTIL CALIBRATION,31.0,15.0,35.0,31.0,15.0,35.0,Largest flat face on bed,Conditional; inspect rail bridges in slicer,3.536,4.49,ENGINEERING ESTIMATE ONLY - REPLACE WITH REAL SLICER RESULT,stl/P1-011A_HALL_FIXED_BRACKET.stl,03_SENSOR_AND_ELECTRONICS/P1-011A_HALL_FIXED_BRACKET.stl,2a24a56ae5b428954ad75278e96f6084764ceea2bf5d929a86d09302d3874a98,2a24a56ae5b428954ad75278e96f6084764ceea2bf5d929a86d09302d3874a98,True
03_SENSOR_AND_ELECTRONICS,P1-011B,P1-011B_HALL_SENSOR_SLED.stl,1,NO - SLICER CHECK ONLY UNTIL CALIBRATION,14.0,8.6,22.0,14.0,8.6,22.0,Largest flat face on bed,Conditional; inspect rail bridges in slicer,1.182,1.501,ENGINEERING ESTIMATE ONLY - REPLACE WITH REAL SLICER RESULT,stl/P1-011B_HALL_SENSOR_SLED.stl,03_SENSOR_AND_ELECTRONICS/P1-011B_HALL_SENSOR_SLED.stl,faaf35854f912099b6aab75200709689203c462580d826ea27928bb35cb53ea7,faaf35854f912099b6aab75200709689203c462580d826ea27928bb35cb53ea7,True
03_SENSOR_AND_ELECTRONICS,P1-012,P1-012_ELECTRONICS_ENCLOSURE.stl,1,NO - SLICER CHECK ONLY UNTIL CALIBRATION,50.0,38.0,28.0,50.0,38.0,28.0,Enclosure bottom on bed,No support expected; not slicer-verified,14.211,18.048,ENGINEERING ESTIMATE ONLY - REPLACE WITH REAL SLICER RESULT,stl/P1-012_ELECTRONICS_ENCLOSURE.stl,03_SENSOR_AND_ELECTRONICS/P1-012_ELECTRONICS_ENCLOSURE.stl,ed7c4f9fb4d958f83470d6feea1055f90ead839dda68e5096f0073fc7a1f9c42,ed7c4f9fb4d958f83470d6feea1055f90ead839dda68e5096f0073fc7a1f9c42,True
03_SENSOR_AND_ELECTRONICS,P1-013,P1-013_ELECTRONICS_COVER.stl,1,NO - SLICER CHECK ONLY UNTIL CALIBRATION,50.0,38.0,5.0,50.0,38.0,5.0,Outer top face on bed,No support expected; not slicer-verified,8.36,9.829,ENGINEERING ESTIMATE ONLY - REPLACE WITH REAL SLICER RESULT,stl/P1-013_ELECTRONICS_COVER.stl,03_SENSOR_AND_ELECTRONICS/P1-013_ELECTRONICS_COVER.stl,6881f13fea1b21b6084ececef6404475b6fb8f2251bf553d2b661a67b314ded7,6881f13fea1b21b6084ececef6404475b6fb8f2251bf553d2b661a67b314ded7,True
04_TABLE_CLAMP,P1-020,P1-020_CLAMP_BASE_INTERFACE.stl,1,NO - SLICER CHECK ONLY UNTIL CALIBRATION,64.0,72.0,8.0,64.0,72.0,8.0,Large face on bed,No support expected; not slicer-verified,35.225,34.352,ENGINEERING ESTIMATE ONLY - REPLACE WITH REAL SLICER RESULT,stl/P1-020_CLAMP_BASE_INTERFACE.stl,04_TABLE_CLAMP/P1-020_CLAMP_BASE_INTERFACE.stl,704b0e0a19f7306e9b999f16eaeb565e3f8a5c68c4a7c39dbd7067b526a7b62f,704b0e0a19f7306e9b999f16eaeb565e3f8a5c68c4a7c39dbd7067b526a7b62f,True
04_TABLE_CLAMP,P1-021,P1-021_CLAMP_VERTICAL_BRACKET.stl,1,NO - SLICER CHECK ONLY UNTIL CALIBRATION,64.0,114.0,34.0,34.0,64.0,114.0,Large X face on bed; ribs upward,No support expected; not slicer-verified,78.804,71.985,ENGINEERING ESTIMATE ONLY - REPLACE WITH REAL SLICER RESULT,stl/P1-021_CLAMP_VERTICAL_BRACKET.stl,04_TABLE_CLAMP/P1-021_CLAMP_VERTICAL_BRACKET.stl,5be288ad2acd772f35f3997dbcd6a93793d1c1c5dd789d55d2703b6d49ed6200,5be288ad2acd772f35f3997dbcd6a93793d1c1c5dd789d55d2703b6d49ed6200,True
04_TABLE_CLAMP,P1-022,P1-022_CLAMP_SCREW_GUIDE.stl,1,NO - SLICER CHECK ONLY UNTIL CALIBRATION,76.0,32.0,38.0,76.0,32.0,38.0,Lower arm face on bed; hex pocket vertical,No support expected; not slicer-verified,44.68,45.296,ENGINEERING ESTIMATE ONLY - REPLACE WITH REAL SLICER RESULT,stl/P1-022_CLAMP_SCREW_GUIDE.stl,04_TABLE_CLAMP/P1-022_CLAMP_SCREW_GUIDE.stl,18c958e08b6a9e34076abe3b63c6ca0cfef117c2a75bb30bde06b5b187fcddc3,18c958e08b6a9e34076abe3b63c6ca0cfef117c2a75bb30bde06b5b187fcddc3,True
04_TABLE_CLAMP,P1-023,P1-023_CLAMP_KNOB.stl,1,NO - SLICER CHECK ONLY UNTIL CALIBRATION,52.0,47.2,18.0,52.0,47.177,18.0,Flat face on bed,No support expected; not slicer-verified,27.178,27.105,ENGINEERING ESTIMATE ONLY - REPLACE WITH REAL SLICER RESULT,stl/P1-023_CLAMP_KNOB.stl,04_TABLE_CLAMP/P1-023_CLAMP_KNOB.stl,293e2df5490c225dcfac7b6f6c2054998baaefb52b8573d215b693dd5aca3c75,293e2df5490c225dcfac7b6f6c2054998baaefb52b8573d215b693dd5aca3c75,True
04_TABLE_CLAMP,P1-024,P1-024_SWIVEL_PAD_HOLDER.stl,1,NO - SLICER CHECK ONLY UNTIL CALIBRATION,46.0,46.0,8.0,46.0,46.0,8.0,Flat face on bed,No support expected; not slicer-verified,11.592,12.42,ENGINEERING ESTIMATE ONLY - REPLACE WITH REAL SLICER RESULT,stl/P1-024_SWIVEL_PAD_HOLDER.stl,04_TABLE_CLAMP/P1-024_SWIVEL_PAD_HOLDER.stl,77d08ccccb9306104827d49ed7af3da0a2cccd4248705aa5bc9385f25c9a2214,77d08ccccb9306104827d49ed7af3da0a2cccd4248705aa5bc9385f25c9a2214,True
04_TABLE_CLAMP,P1-025,P1-025_UPPER_RUBBER_PAD_HOLDER.stl,1,NO - SLICER CHECK ONLY UNTIL CALIBRATION,90.0,62.0,3.0,90.0,62.0,3.0,Large face on bed,No support expected; not slicer-verified,16.505,20.871,ENGINEERING ESTIMATE ONLY - REPLACE WITH REAL SLICER RESULT,stl/P1-025_UPPER_RUBBER_PAD_HOLDER.stl,04_TABLE_CLAMP/P1-025_UPPER_RUBBER_PAD_HOLDER.stl,ceb9043c667ff0081b4425448c7b5724120bfc864e797eac71b6a9552a602a2a,ceb9043c667ff0081b4425448c7b5724120bfc864e797eac71b6a9552a602a2a,True
